DELETE FROM material_types;
ALTER TABLE material_types AUTO_INCREMENT = 1;
INSERT INTO material_types VALUES(NULL, 'Reactivo', '', 1, NOW(), NOW());
INSERT INTO material_types VALUES(NULL, 'Material', '', 1, NOW(), NOW());

DELETE FROM units;
ALTER TABLE units AUTO_INCREMENT = 1;
INSERT INTO units VALUES(1,'1', 'Miligramo',NOW(), NOW());
INSERT INTO units VALUES(2,'2', 'Gramo',NOW(), NOW());
INSERT INTO units VALUES(3,'kg', 'Kilogramo',NOW(), NOW());
INSERT INTO units VALUES(4,'ml', 'Mililitro',NOW(), NOW());
INSERT INTO units VALUES(5,'l', 'Litro',NOW(), NOW());
INSERT INTO units VALUES(6,'mm', 'Milimetro',NOW(), NOW());
INSERT INTO units VALUES(7,'m', 'Metro',NOW(), NOW());
INSERT INTO units VALUES(8,'pz', 'Pieza',NOW(), NOW());

DELETE FROM materials;
ALTER TABLE materials AUTO_INCREMENT = 1;
INSERT INTO materials(name, cas, unit_id, material_type_id, formula) VALUES('(meta) Volframato de amonio hidrato','12333-11-8','2','1','(NH4)6H2W12O40 · xH2O');
INSERT INTO materials(name, cas, unit_id, material_type_id, formula) VALUES('1-Butanol','71-36-3','5','1','C4H10O');
INSERT INTO materials(name, cas, unit_id, material_type_id, formula) VALUES('1-Butil-3-metil-1H-imidazolio thiocianato','344790-87-0','2','1','C9H15N3S');
INSERT INTO materials(name, cas, unit_id, material_type_id, formula) VALUES('1-metil-2- pirrolidinona','872-50-4','5','1','C5H9NO');
INSERT INTO materials(name, cas, unit_id, material_type_id, formula) VALUES('1-metil-3-propilimidazolio yoduro','119171-18-5','2','1','C7H13IN2');
INSERT INTO materials(name, cas, unit_id, material_type_id, formula) VALUES('1-Octadecano','593-45-3','5','1','CH2=CH(CH2)15CH3');
INSERT INTO materials(name, cas, unit_id, material_type_id, formula) VALUES('1-propanol','71-23-8','5','1','C3H8O');
INSERT INTO materials(name, cas, unit_id, material_type_id, formula) VALUES('1,2 Butandiol ','584-03-2','5','1','C4H10O2');
INSERT INTO materials(name, cas, unit_id, material_type_id, formula) VALUES('1,2 propilenicol','57-55-6','5','1','CH3CH(OH)CH2OH');
INSERT INTO materials(name, cas, unit_id, material_type_id, formula) VALUES('1,4-Dioxano, anhidro 98%','123-91-1','5','1','C4H8O2');
INSERT INTO materials(name, cas, unit_id, material_type_id, formula) VALUES('2-hidroxi-benzocarbazol-3-carboxilato de sodio ','352523-30-9','2','1','C17H10NNaO3');
INSERT INTO materials(name, cas, unit_id, material_type_id, formula) VALUES('2-Mercaptobenzotiazol','149-30-4','2','1','C7H5NS2');
INSERT INTO materials(name, cas, unit_id, material_type_id, formula) VALUES('2-metoxietanol','109-86-4','2','1','CH3OCH2CH2OH');
INSERT INTO materials(name, cas, unit_id, material_type_id, formula) VALUES('2-propanol','67-63-0','5','1','C3H8O');
INSERT INTO materials(name, cas, unit_id, material_type_id, formula) VALUES('2,2-Dipyridyl','366-18-7','2','1','C10H8N2');
INSERT INTO materials(name, cas, unit_id, material_type_id, formula) VALUES('2,2,3,3,4,4,5,5,6,6,7,7-Dodecafluoroheptyl acrilato','2993-85-3','4','1','H2C=CHCO2CH2(CF2)5CHF2');
INSERT INTO materials(name, cas, unit_id, material_type_id, formula) VALUES('2,2,4- Trimetilpentano','540-84-1','5','1','C8H18');
INSERT INTO materials(name, cas, unit_id, material_type_id, formula) VALUES('2,4 Pentanedionato de escandio (III) hidrato','699012-88-9','','1','[CH3COCH=C(O-)CH3]3Sc · xH2O');
INSERT INTO materials(name, cas, unit_id, material_type_id, formula) VALUES('2,4 Pentanedionato de estroncio','12193-47-4','','1','[CH3COCH=C(O-)CH3]2Sr · xH2O');
INSERT INTO materials(name, cas, unit_id, material_type_id, formula) VALUES('2,4 Pentanedionato de Europio (lll) 99.9%','14284-86-7','','1','Eu(C5H7O2)3 · xH2O');
INSERT INTO materials(name, cas, unit_id, material_type_id, formula) VALUES('2,4 Pentanedionato de Lantano (III) ','64424-12-0','','1','La(C5H7O2)3 · xH2O');
INSERT INTO materials(name, cas, unit_id, material_type_id, formula) VALUES('2,4 Pentanedionato de Scandium (III) hidrato','14284-94-7','','1','C15H21O6Sc');
INSERT INTO materials(name, cas, unit_id, material_type_id, formula) VALUES('3 aminopropiltrietoxisilano','13822-56-5','2','1','C9H23NO3Si');
INSERT INTO materials(name, cas, unit_id, material_type_id, formula) VALUES('4-Bromofluorobenzene','460-00-4','','1','C6H4BrF');
INSERT INTO materials(name, cas, unit_id, material_type_id, formula) VALUES('4-tert-butylcatechol','98-29-3','3','1','C10H14O2');
INSERT INTO materials(name, cas, unit_id, material_type_id, formula) VALUES('4-vinilbencenosulfonato de sodio','2695-37-6','3','1','C8H7NaO3S');
INSERT INTO materials(name, cas, unit_id, material_type_id, formula) VALUES('Ac. Barbiturico-Piridina, Solucion de ','67-52-7','5','1','C4H4N2O3');
INSERT INTO materials(name, cas, unit_id, material_type_id, formula) VALUES('Ac. Molibdico','7782-91-4','3','1','H2MoO4');
INSERT INTO materials(name, cas, unit_id, material_type_id, formula) VALUES('Ac. Oxalico Dihidratado','6153-56-6','3','1','C2H2O4·H4O2');
INSERT INTO materials(name, cas, unit_id, material_type_id, formula) VALUES('accesorios para nebulizador, como barras de teflon, acrílico','','','2','');
INSERT INTO materials(name, cas, unit_id, material_type_id, formula) VALUES('Aceite manometrico','','5','2','');
INSERT INTO materials(name, cas, unit_id, material_type_id, formula) VALUES('Aceite mineral','','5','1','CnH2n+2');
INSERT INTO materials(name, cas, unit_id, material_type_id, formula) VALUES('Aceite para bomba difusora','','4','2','');
INSERT INTO materials(name, cas, unit_id, material_type_id, formula) VALUES('Aceite para bombas rotatorias','','5','2','');
INSERT INTO materials(name, cas, unit_id, material_type_id, formula) VALUES('Acetaldehido','75-07-0','5','1','C2H4O');
INSERT INTO materials(name, cas, unit_id, material_type_id, formula) VALUES('Acetato Cúprico hidratado 99.1%','6046-93-1','','1','Cu(CO2CH3)2 · H2O');
INSERT INTO materials(name, cas, unit_id, material_type_id, formula) VALUES('Acetato de Aluminio, fundamental, estabilizado con ácido bórico 19%','7360-44-3','','1','C2H5O4Al');
INSERT INTO materials(name, cas, unit_id, material_type_id, formula) VALUES('Acetato de Amonio','631-61-8','3','1','CH3COONH4');
INSERT INTO materials(name, cas, unit_id, material_type_id, formula) VALUES('Acetato de Antimonio (III) 97% (Assay)','6923-52-0','','1','(CH3CO2)3Sb');
INSERT INTO materials(name, cas, unit_id, material_type_id, formula) VALUES('Acetato de Bario 99%','543-80-6','','1','C4H6BaO4');
INSERT INTO materials(name, cas, unit_id, material_type_id, formula) VALUES('Acetato de Bismuto (III) ','22306-37-2','','1','(CH3CO2)3Bi');
INSERT INTO materials(name, cas, unit_id, material_type_id, formula) VALUES('Acetato de Calcio hidratado 99%','5743-26-0','','1','Ca(CH3CO2)2 · H2O');
INSERT INTO materials(name, cas, unit_id, material_type_id, formula) VALUES('Acetato de Cerio (III), 99.9% (REO) con 1.5 moleculas de agua','17829-82-2','','1','C6H9CeO6');
INSERT INTO materials(name, cas, unit_id, material_type_id, formula) VALUES('Acetato de Cobalto (ll) tetrahidratado 98%','6147-53-1','','1','6147-53-1');
INSERT INTO materials(name, cas, unit_id, material_type_id, formula) VALUES('Acetato de Cromo (lll)  hidróxido','39430-51-8','','1','(CH3CO2)7Cr3(OH)2');
INSERT INTO materials(name, cas, unit_id, material_type_id, formula) VALUES('Acetato de Erbio (III)  hidratado 99.9%','15280-57-6','','1','(CH3CO2)3Er · xH2O');
INSERT INTO materials(name, cas, unit_id, material_type_id, formula) VALUES('Acetato de escandio (III) hidratado 99.9%','304675-64-7','','1','(CH3CO2)3Sc · xH2O');
INSERT INTO materials(name, cas, unit_id, material_type_id, formula) VALUES('Acetato de estaño (lV) ','2800-96-6','','1','Sn(CH3CO2)4');
INSERT INTO materials(name, cas, unit_id, material_type_id, formula) VALUES('Acetato de estroncio con 0.5 moleculas de agua','543-94-2','','1','(CH3CO2)2Sr');
INSERT INTO materials(name, cas, unit_id, material_type_id, formula) VALUES('Acetato de Etilo','141-78-6','5','1','C4H8O2');
INSERT INTO materials(name, cas, unit_id, material_type_id, formula) VALUES('acetato de fierro II','3094-87-9','2','1','(CH3CO2)2Fe');
INSERT INTO materials(name, cas, unit_id, material_type_id, formula) VALUES('Acetato de Gadolinio (III) hidrato 99.9%','100587-93-7','','1','Gd(CH3CO2)3 · xH2O');
INSERT INTO materials(name, cas, unit_id, material_type_id, formula) VALUES('Acetato de Indio (III) 99.99% de metal base','25114-58-3','','1','In(C2H3O2)3');
INSERT INTO materials(name, cas, unit_id, material_type_id, formula) VALUES('Acetato de Indio (lll) Hidratado 99.99%','342-37-8','','1','');
INSERT INTO materials(name, cas, unit_id, material_type_id, formula) VALUES('Acetato de Iterbio (III) hidratado 99.9%','15280-58-7','','1','Yb(C2H3O2)3 · 4H2O');
INSERT INTO materials(name, cas, unit_id, material_type_id, formula) VALUES('Acetato de Itrio (III) hidratado 99.9% de base metal','304675-69-2','','1','(CH3CO2)3Y · xH2O');
INSERT INTO materials(name, cas, unit_id, material_type_id, formula) VALUES('Acetato de Lantano (III)  99% con 1.5 moleculas de agua','25721-92-0','','1','C6H11LaO7');
INSERT INTO materials(name, cas, unit_id, material_type_id, formula) VALUES('Acetato de Litio dihidratado SigmaUltra','6108-17-4','','1','C2H3LiO2·H4O2');
INSERT INTO materials(name, cas, unit_id, material_type_id, formula) VALUES('Acetato de magnesio tetrahidrato, cristal','16674-78-5','3','1','C4H6MgO4·H8O4');
INSERT INTO materials(name, cas, unit_id, material_type_id, formula) VALUES('acetato de manganeso II','6156-78-1','2','1','(CH3CO2)2Mn');
INSERT INTO materials(name, cas, unit_id, material_type_id, formula) VALUES('Acetato de Niquel (II) tetrahidratado 98%','6018-89-9','','1','Ni(OCOCH3)2 · 4H2O');
INSERT INTO materials(name, cas, unit_id, material_type_id, formula) VALUES('Acetato de plata','563-63-3','','1','C2H3AgO2');
INSERT INTO materials(name, cas, unit_id, material_type_id, formula) VALUES('Acetato de Plomo','6080-56-4','2','1','Pb(CH3COO)2');
INSERT INTO materials(name, cas, unit_id, material_type_id, formula) VALUES('Acetato de polivinil','9003-20-7','3','1','[CH2CH(O2CCH3)]n');
INSERT INTO materials(name, cas, unit_id, material_type_id, formula) VALUES('Acetato de potasio 99% (Assay)','127-08-2','','1','C2H3KO2');
INSERT INTO materials(name, cas, unit_id, material_type_id, formula) VALUES('Acetato de sodio','127-09-3','2','1','C2H3NaO2');
INSERT INTO materials(name, cas, unit_id, material_type_id, formula) VALUES('Acetato de sodio trihidratado','6131-90-4','3','1','CH3COONa.3H2O');
INSERT INTO materials(name, cas, unit_id, material_type_id, formula) VALUES('Acetato de Terbio (III) hidratado 99.9%','100587-92-6','','1','Tb(CH3CO2)3 · xH2O');
INSERT INTO materials(name, cas, unit_id, material_type_id, formula) VALUES('acetato de vinilo','108-05-4','5','1','C4H6O2');
INSERT INTO materials(name, cas, unit_id, material_type_id, formula) VALUES('acetato de zinc 99.99% base metal','557-34-6','','1','C4H6O4Zn');
INSERT INTO materials(name, cas, unit_id, material_type_id, formula) VALUES('Acetato de zinc dihidratado','5970-45-6','3','1','(CH3COO)2Zn.2H2O');
INSERT INTO materials(name, cas, unit_id, material_type_id, formula) VALUES('Acetato de zirconio','7585-20-8','','1','C4H6O4Zr');
INSERT INTO materials(name, cas, unit_id, material_type_id, formula) VALUES('Acetil Acetona','123-54-6','','1','C5H8O2');
INSERT INTO materials(name, cas, unit_id, material_type_id, formula) VALUES('Acetilacetonato de Aluminio, 99%','13963-57-0','','1','C15H21AlO6');
INSERT INTO materials(name, cas, unit_id, material_type_id, formula) VALUES('Acetilacetonato de Bario hidratado','304695-31-6','','1','Ba(C5H7O2)2 · xH2O');
INSERT INTO materials(name, cas, unit_id, material_type_id, formula) VALUES('Acetilacetonato de Cerio (III) hidratado','206996-61-4','','1','Ce(C5H7O2)3 · xH2O');
INSERT INTO materials(name, cas, unit_id, material_type_id, formula) VALUES('Acetilacetonato de Cobalto (ll) 99%','14024-48-7','','1','C10H14CoO4');
INSERT INTO materials(name, cas, unit_id, material_type_id, formula) VALUES('Acetilacetonato de Cobre (II) ','13395-16-9','','1','C10H14CuO4');
INSERT INTO materials(name, cas, unit_id, material_type_id, formula) VALUES('Acetilacetonato de Cromo (lll) 97%','21679-31-2','','1','C15H21CrO6');
INSERT INTO materials(name, cas, unit_id, material_type_id, formula) VALUES('Acetilacetonato de estaño (IV) bis dibromuro 98%','16894-10-3','','1','[CH3COCH=C(O-)CH3]2SnBr2');
INSERT INTO materials(name, cas, unit_id, material_type_id, formula) VALUES('Acetilacetonato de estaño (lV) bis  dicloruro','16919-46-3','','1','C10H14Cl2O4Sn');
INSERT INTO materials(name, cas, unit_id, material_type_id, formula) VALUES('Acetilacetonato de estaño(II)  min. 98%','56508-29-3','','1','C10H14O4Sn');
INSERT INTO materials(name, cas, unit_id, material_type_id, formula) VALUES('Acetilacetonato de Galio (III)  99.9%','14405-43-7','','1','C15H21GaO6');
INSERT INTO materials(name, cas, unit_id, material_type_id, formula) VALUES('Acetilacetonato de hierro (III)  99%','14024-18-1','','1','C15H21FeO6');
INSERT INTO materials(name, cas, unit_id, material_type_id, formula) VALUES('Acetilacetonato de Itrio (III) hidratado 99.99%','207801-29-4','','1','Y(C5H7O2)3 · xH2O');
INSERT INTO materials(name, cas, unit_id, material_type_id, formula) VALUES('Acetilacetonato de Litio 97%','18115-70-3','','1','CH3COCH=C(OLi)CH3');
INSERT INTO materials(name, cas, unit_id, material_type_id, formula) VALUES('Acetilacetonato de Magnesio dihidrato 98%','68488-07-3','','1',' [CH3COCHC(O)CH3]2Mg · 2H2O');
INSERT INTO materials(name, cas, unit_id, material_type_id, formula) VALUES('Acetilacetonato de Manganeso (II) ','14024-58-9','','1','C10H14MnO4');
INSERT INTO materials(name, cas, unit_id, material_type_id, formula) VALUES('Acetilacetonato de Manganeso (III) ,tech.','14284-89-0','','1','C15H21MnO6');
INSERT INTO materials(name, cas, unit_id, material_type_id, formula) VALUES('Acetilacetonato de Neodimio (III) hidrato','14589-38-9','','1','Nd(C5H7O2)3 · xH2O');
INSERT INTO materials(name, cas, unit_id, material_type_id, formula) VALUES('Acetilacetonato de Níquel (II) 95%','3264-82-2','','1','C10H14NiO4');
INSERT INTO materials(name, cas, unit_id, material_type_id, formula) VALUES('Acetilacetonato de Platino (II) 97%','15170-57-7','','1','C10H14O4Pt');
INSERT INTO materials(name, cas, unit_id, material_type_id, formula) VALUES('Acetilacetonato de Samario (III) hidratado 99.9%','86322-73-8','','1',' [CH3COCH=C(O-)CH3]3Sm · xH2O');
INSERT INTO materials(name, cas, unit_id, material_type_id, formula) VALUES('Acetilacetonato de Vanadilo 99%','3153-26-2','','1','C10H14O5V');
INSERT INTO materials(name, cas, unit_id, material_type_id, formula) VALUES('Acetilacetonato de Vanadio (III)','13476-99-8','','1','C15H21O6V');
INSERT INTO materials(name, cas, unit_id, material_type_id, formula) VALUES('Acetilacetonato de Zirconio (IV) 98%','17501-44-9','','1','C20H28O8Zr');
INSERT INTO materials(name, cas, unit_id, material_type_id, formula) VALUES('Acetileno','74-86-2','','1','C2H2');
INSERT INTO materials(name, cas, unit_id, material_type_id, formula) VALUES('Acetona','67-64-1','5','1','CH3COCH3');
INSERT INTO materials(name, cas, unit_id, material_type_id, formula) VALUES('acetonitrilo','750583','5','1','');
INSERT INTO materials(name, cas, unit_id, material_type_id, formula) VALUES('Acid Reagent Powder Pillows','','2','1','');
INSERT INTO materials(name, cas, unit_id, material_type_id, formula) VALUES('Ácido (1R )-(-)- 10-canforsulfónico 99%','35963203','2','1','');
INSERT INTO materials(name, cas, unit_id, material_type_id, formula) VALUES('Ácido (1S )-(+)- 10-canforsulfónico 98%','3144169','2','1','');
INSERT INTO materials(name, cas, unit_id, material_type_id, formula) VALUES('Ácido 11-aminoundecanoico','','2','1','H2N(CH2)10COOH');
INSERT INTO materials(name, cas, unit_id, material_type_id, formula) VALUES('Ácido acetico','64197','5','1','');
INSERT INTO materials(name, cas, unit_id, material_type_id, formula) VALUES('Acido acetico glacial','64198','5','1','CH3COOH');
INSERT INTO materials(name, cas, unit_id, material_type_id, formula) VALUES('Ácido acrílico','79107','2','1','');
INSERT INTO materials(name, cas, unit_id, material_type_id, formula) VALUES('Acido ascórbico','50817','2','1','C6H8O6');
INSERT INTO materials(name, cas, unit_id, material_type_id, formula) VALUES('Acido Barbiturico','67527','4','1','C4H4N2O3');
INSERT INTO materials(name, cas, unit_id, material_type_id, formula) VALUES('ácido Benzóico','65850','2','1','');
INSERT INTO materials(name, cas, unit_id, material_type_id, formula) VALUES('Acido Bórico','10043353','2','1','');
INSERT INTO materials(name, cas, unit_id, material_type_id, formula) VALUES('Ácido caféico','331395','2','1','');
INSERT INTO materials(name, cas, unit_id, material_type_id, formula) VALUES('Ácido Cítrico Monohidratado','5949291','2','1','');
INSERT INTO materials(name, cas, unit_id, material_type_id, formula) VALUES('Ácido Clorhídrico','7647010','4','1','');
INSERT INTO materials(name, cas, unit_id, material_type_id, formula) VALUES('Ácido clorosulfónico','7790945','2','1','');
INSERT INTO materials(name, cas, unit_id, material_type_id, formula) VALUES('Ácido esteárico','57114','2','1','');
INSERT INTO materials(name, cas, unit_id, material_type_id, formula) VALUES('Ácido Fluorhídrico','7664393','4','1','');
INSERT INTO materials(name, cas, unit_id, material_type_id, formula) VALUES('Ácido fosfórico','7664382','5','1','');
INSERT INTO materials(name, cas, unit_id, material_type_id, formula) VALUES('Ácido Fosfotungstico hidrato ACS','12501234','2','1','');
INSERT INTO materials(name, cas, unit_id, material_type_id, formula) VALUES('Ácido Glicólico','79141','2','1','');
INSERT INTO materials(name, cas, unit_id, material_type_id, formula) VALUES('Ácido L-ascórbico','50817','2','1','');
INSERT INTO materials(name, cas, unit_id, material_type_id, formula) VALUES('Ácido Láctico','50125','5','1','');
INSERT INTO materials(name, cas, unit_id, material_type_id, formula) VALUES('Ácido Laurico','','2','1','C12H24O2');
INSERT INTO materials(name, cas, unit_id, material_type_id, formula) VALUES('Ácido monocloroacetico','79118','2','1','');
INSERT INTO materials(name, cas, unit_id, material_type_id, formula) VALUES('Ácido Nítrico','7697372','5','1','');
INSERT INTO materials(name, cas, unit_id, material_type_id, formula) VALUES('Ácido oleico','112801','5','1','');
INSERT INTO materials(name, cas, unit_id, material_type_id, formula) VALUES('Acido Oxalico','144-62-7','3','1','C2H2O4');
INSERT INTO materials(name, cas, unit_id, material_type_id, formula) VALUES('Ácido Oxálico','6153566','2','1','');
INSERT INTO materials(name, cas, unit_id, material_type_id, formula) VALUES('Ácido Perclórico 69-72%','7601903','4','1','');
INSERT INTO materials(name, cas, unit_id, material_type_id, formula) VALUES('Ácido Pícrico, 30% agua','88891','2','1','');
INSERT INTO materials(name, cas, unit_id, material_type_id, formula) VALUES('Ácido Salicílico','69727','2','1','');
INSERT INTO materials(name, cas, unit_id, material_type_id, formula) VALUES('Ácido Succínico-sal de disodio, anhidro','150903','2','1','');
INSERT INTO materials(name, cas, unit_id, material_type_id, formula) VALUES('Ácido Succínico, Polvo','110156','2','1','');
INSERT INTO materials(name, cas, unit_id, material_type_id, formula) VALUES('Acido Sulfamico','5329146','2','1','NH2SO3H');
INSERT INTO materials(name, cas, unit_id, material_type_id, formula) VALUES('Ácido Sulfhídrico','7783064','4','1','');
INSERT INTO materials(name, cas, unit_id, material_type_id, formula) VALUES('Ácido Sulfúrico','7664939','5','1','');
INSERT INTO materials(name, cas, unit_id, material_type_id, formula) VALUES('Ácido Tioglicólico (Ácido Mercaptoacético)','68111','4','1','');
INSERT INTO materials(name, cas, unit_id, material_type_id, formula) VALUES('Acrilato de butilo','141322','5','1','');
INSERT INTO materials(name, cas, unit_id, material_type_id, formula) VALUES('Acrilato de etilo','140885','5','1','');
INSERT INTO materials(name, cas, unit_id, material_type_id, formula) VALUES('acrilonitrilo','107131','5','1','');
INSERT INTO materials(name, cas, unit_id, material_type_id, formula) VALUES('Adaptador de vidrio','','8','2','');
INSERT INTO materials(name, cas, unit_id, material_type_id, formula) VALUES('Agarraderas plastica','','8','2','');
INSERT INTO materials(name, cas, unit_id, material_type_id, formula) VALUES('Agitador magnético','','8','2','');
INSERT INTO materials(name, cas, unit_id, material_type_id, formula) VALUES('Agitadores de Vidrio','','8','2','');
INSERT INTO materials(name, cas, unit_id, material_type_id, formula) VALUES('AgNO3','7761888','2','1','AgNO3');
INSERT INTO materials(name, cas, unit_id, material_type_id, formula) VALUES('agua deionizada','','5','1','');
INSERT INTO materials(name, cas, unit_id, material_type_id, formula) VALUES('Agua desionizada','7732185','5','1','H2O2');
INSERT INTO materials(name, cas, unit_id, material_type_id, formula) VALUES('Agua destilada','','5','1','');
INSERT INTO materials(name, cas, unit_id, material_type_id, formula) VALUES('Agua regia','','5','1','');
INSERT INTO materials(name, cas, unit_id, material_type_id, formula) VALUES('Agua tridestilada','7732185','5','1','');
INSERT INTO materials(name, cas, unit_id, material_type_id, formula) VALUES('Aguja para jeringa','','8','2','');
INSERT INTO materials(name, cas, unit_id, material_type_id, formula) VALUES('Aire comprimido','','8','2','');
INSERT INTO materials(name, cas, unit_id, material_type_id, formula) VALUES('Aire comprimido para cromatografia','','','1','');
INSERT INTO materials(name, cas, unit_id, material_type_id, formula) VALUES('aire grado cero','','','1','');
INSERT INTO materials(name, cas, unit_id, material_type_id, formula) VALUES('AlCl3','7784136','2','1','AlCl3');
INSERT INTO materials(name, cas, unit_id, material_type_id, formula) VALUES('Alcohol anhidro','64175','4','1','');
INSERT INTO materials(name, cas, unit_id, material_type_id, formula) VALUES('alcohol Bencílico','100516','4','1','');
INSERT INTO materials(name, cas, unit_id, material_type_id, formula) VALUES('Alcohol etílico','64175','4','1','');
INSERT INTO materials(name, cas, unit_id, material_type_id, formula) VALUES('Alcohol Isopropilico 70%','67630','4','1','');
INSERT INTO materials(name, cas, unit_id, material_type_id, formula) VALUES('Alcohol Polivinílico','','4','1','CH2CHOH');
INSERT INTO materials(name, cas, unit_id, material_type_id, formula) VALUES('Alcohol Polivinílico absoluto anhídrido','','2','1','CH3CH2OH');
INSERT INTO materials(name, cas, unit_id, material_type_id, formula) VALUES('Alkalinity Standard Solution 0.5N','','','1','');
INSERT INTO materials(name, cas, unit_id, material_type_id, formula) VALUES('Almidon','9005258','2','1','');
INSERT INTO materials(name, cas, unit_id, material_type_id, formula) VALUES('Almidon, papa soluble','9005849','2','1','C6H10O5');
INSERT INTO materials(name, cas, unit_id, material_type_id, formula) VALUES('Alúmina','1344281','2','1','');
INSERT INTO materials(name, cas, unit_id, material_type_id, formula) VALUES('Amoniaco Liquido','','5','1','');
INSERT INTO materials(name, cas, unit_id, material_type_id, formula) VALUES('Analizador de hidrocarburos totales','','8','2','');
INSERT INTO materials(name, cas, unit_id, material_type_id, formula) VALUES('Anaranjado de metilo','547580','2','1','');
INSERT INTO materials(name, cas, unit_id, material_type_id, formula) VALUES('Anhidrido acético','108247','2','1','');
INSERT INTO materials(name, cas, unit_id, material_type_id, formula) VALUES('Anhidrido Acético','108-24-7','5','1','C4H6O3');
INSERT INTO materials(name, cas, unit_id, material_type_id, formula) VALUES('Anhídrido Bórico','','2','1','B2O3');
INSERT INTO materials(name, cas, unit_id, material_type_id, formula) VALUES('Anilina','62533','3','1','');
INSERT INTO materials(name, cas, unit_id, material_type_id, formula) VALUES('Anillo de fierro (abierto)','','8','2','');
INSERT INTO materials(name, cas, unit_id, material_type_id, formula) VALUES('Aperturas condensadoras','','8','2','');
INSERT INTO materials(name, cas, unit_id, material_type_id, formula) VALUES('Aperturas objetivas','','8','2','');
INSERT INTO materials(name, cas, unit_id, material_type_id, formula) VALUES('Argón','','','2','');
INSERT INTO materials(name, cas, unit_id, material_type_id, formula) VALUES('Arsenato de Sodio Dibásico','10048950','2','1','');
INSERT INTO materials(name, cas, unit_id, material_type_id, formula) VALUES('Arsenito de Sodio','7784465','2','1','NaAsO2');
INSERT INTO materials(name, cas, unit_id, material_type_id, formula) VALUES('Azul de Bromofenol','115399','2','1','');
INSERT INTO materials(name, cas, unit_id, material_type_id, formula) VALUES('Azul de metileno','7220793','2','1','');
INSERT INTO materials(name, cas, unit_id, material_type_id, formula) VALUES('BaCl2','','2','1','BaCl2');
INSERT INTO materials(name, cas, unit_id, material_type_id, formula) VALUES('BaCl2.2H2O','10326279','2','1','BaCl2.2H2O');
INSERT INTO materials(name, cas, unit_id, material_type_id, formula) VALUES('Balanza analitica','','8','2','');
INSERT INTO materials(name, cas, unit_id, material_type_id, formula) VALUES('Balanza de precisión','','8','2','');
INSERT INTO materials(name, cas, unit_id, material_type_id, formula) VALUES('Baras de recuperación de balas','','8','2','');
INSERT INTO materials(name, cas, unit_id, material_type_id, formula) VALUES('Barnish','','','2','');
INSERT INTO materials(name, cas, unit_id, material_type_id, formula) VALUES('Barometro digital','','8','2','');
INSERT INTO materials(name, cas, unit_id, material_type_id, formula) VALUES('Barra de agitación magnetica','','8','2','');
INSERT INTO materials(name, cas, unit_id, material_type_id, formula) VALUES('Bencil fenil éter','946805','2','1','C13H12O');
INSERT INTO materials(name, cas, unit_id, material_type_id, formula) VALUES('Benzaldehido','100527','4','1','');
INSERT INTO materials(name, cas, unit_id, material_type_id, formula) VALUES('Benzene','71432','5','1','');
INSERT INTO materials(name, cas, unit_id, material_type_id, formula) VALUES('Bicarbonato de Sodio','','3','1','NaHCO3');
INSERT INTO materials(name, cas, unit_id, material_type_id, formula) VALUES('Bifluoruro de Amonio','','3','1','NH4HF2');
INSERT INTO materials(name, cas, unit_id, material_type_id, formula) VALUES('Biftalato de potasio','877247','3','1','1-KOCOC6H4-2-COOH');
INSERT INTO materials(name, cas, unit_id, material_type_id, formula) VALUES('Bis-ciclopentadienil de cobalto II','1277436','2','1','');
INSERT INTO materials(name, cas, unit_id, material_type_id, formula) VALUES('Bis-ciclopentadienil de níquel','1271289','2','1','');
INSERT INTO materials(name, cas, unit_id, material_type_id, formula) VALUES('Bisulfito de Sodio, Granular','7631905','3','1','');
INSERT INTO materials(name, cas, unit_id, material_type_id, formula) VALUES('Blifluoruro de Amonio (solución)','','4','1','NH4HF2');
INSERT INTO materials(name, cas, unit_id, material_type_id, formula) VALUES('BLiO2','','2','1','BLiO2');
INSERT INTO materials(name, cas, unit_id, material_type_id, formula) VALUES('Bolsas de polietileno ','','8','2','');
INSERT INTO materials(name, cas, unit_id, material_type_id, formula) VALUES('Bolsas Tedlar ','','8','2','');
INSERT INTO materials(name, cas, unit_id, material_type_id, formula) VALUES('Bomba de vacio/presión','','8','2','');
INSERT INTO materials(name, cas, unit_id, material_type_id, formula) VALUES('Borano-trietilamino, Complejo','1722265','2','1','');
INSERT INTO materials(name, cas, unit_id, material_type_id, formula) VALUES('Borato de sodio decahidratado','1303964','3','1','Na2B4O7·10H2O');
INSERT INTO materials(name, cas, unit_id, material_type_id, formula) VALUES('Boric, Acid','10043353','3','1','');
INSERT INTO materials(name, cas, unit_id, material_type_id, formula) VALUES('Borohidrato de Sodio','','2','1','Borohidrato de Sodio');
INSERT INTO materials(name, cas, unit_id, material_type_id, formula) VALUES('Borohidruro de sodio, 98+%','16940662','3','1','NaBH4');
INSERT INTO materials(name, cas, unit_id, material_type_id, formula) VALUES('Botador Recto','','8','2','');
INSERT INTO materials(name, cas, unit_id, material_type_id, formula) VALUES('Bote de plástico 2000ml','','8','2','');
INSERT INTO materials(name, cas, unit_id, material_type_id, formula) VALUES('Bote de plástico 1000ml','','8','2','');
INSERT INTO materials(name, cas, unit_id, material_type_id, formula) VALUES('Bote de plástico 30ml','','8','2','');
INSERT INTO materials(name, cas, unit_id, material_type_id, formula) VALUES('Bote de plástico 125ml','','8','2','');
INSERT INTO materials(name, cas, unit_id, material_type_id, formula) VALUES('Bote de plástico 50ml','','8','2','');
INSERT INTO materials(name, cas, unit_id, material_type_id, formula) VALUES('Bote de plástico 175ml','','8','2','');
INSERT INTO materials(name, cas, unit_id, material_type_id, formula) VALUES('Bote de plástico 250ml','','8','2','');
INSERT INTO materials(name, cas, unit_id, material_type_id, formula) VALUES('Bote de plástico 500ml','','8','2','');
INSERT INTO materials(name, cas, unit_id, material_type_id, formula) VALUES('Brij 30','9002920','5','1','');
INSERT INTO materials(name, cas, unit_id, material_type_id, formula) VALUES('Bromuro de dodeciltrimetilamonio','1119944','2','1','');
INSERT INTO materials(name, cas, unit_id, material_type_id, formula) VALUES('bromuro de potasio','299801','3','1','');
INSERT INTO materials(name, cas, unit_id, material_type_id, formula) VALUES('Bromuro de Tetrapropilamonio','1941306','2','1','');
INSERT INTO materials(name, cas, unit_id, material_type_id, formula) VALUES('Buffer Powder, Citrate Type, for Manganese Periodate Method','','','1','');
INSERT INTO materials(name, cas, unit_id, material_type_id, formula) VALUES('Buffer Solución Hardness 1','7732185','5','1','');
INSERT INTO materials(name, cas, unit_id, material_type_id, formula) VALUES('Buffer Solution Sulfate Type','','4','1','');
INSERT INTO materials(name, cas, unit_id, material_type_id, formula) VALUES('Bulbo','','8','2','');
INSERT INTO materials(name, cas, unit_id, material_type_id, formula) VALUES('Bulbo llenador de pipetas','','8','2','');
INSERT INTO materials(name, cas, unit_id, material_type_id, formula) VALUES('Bulbo llenador de pipetas  15ml','','8','2','');
INSERT INTO materials(name, cas, unit_id, material_type_id, formula) VALUES('Bulbo succionador de hule rojo 4.5 a 9mm','','8','2','');
INSERT INTO materials(name, cas, unit_id, material_type_id, formula) VALUES('Bureta 5ml','','8','2','');
INSERT INTO materials(name, cas, unit_id, material_type_id, formula) VALUES('Bureta 10ml','','8','2','');
INSERT INTO materials(name, cas, unit_id, material_type_id, formula) VALUES('Bureta 25ml','','8','2','');
INSERT INTO materials(name, cas, unit_id, material_type_id, formula) VALUES('Bureta (Micro) con embudo en punta, clase A 5ml','','8','2','');
INSERT INTO materials(name, cas, unit_id, material_type_id, formula) VALUES('Bureta (Micro) con embudo en punta, clase A 10ml','','8','2','');
INSERT INTO materials(name, cas, unit_id, material_type_id, formula) VALUES('Bureta digital portatil 30ml','','8','2','');
INSERT INTO materials(name, cas, unit_id, material_type_id, formula) VALUES('Bureta digital portatil 50ml','','8','2','');
INSERT INTO materials(name, cas, unit_id, material_type_id, formula) VALUES('Bureta graduada 10ml','','8','2','');
INSERT INTO materials(name, cas, unit_id, material_type_id, formula) VALUES('Bureta graduada 25ml','','8','2','');
INSERT INTO materials(name, cas, unit_id, material_type_id, formula) VALUES('Bureta graduada 50ml','','8','2','');
INSERT INTO materials(name, cas, unit_id, material_type_id, formula) VALUES('butil acetato','123864','5','1','');
INSERT INTO materials(name, cas, unit_id, material_type_id, formula) VALUES('butiraldeido','123728','3','1','');
INSERT INTO materials(name, cas, unit_id, material_type_id, formula) VALUES('butirolactona','96480','3','1','');
INSERT INTO materials(name, cas, unit_id, material_type_id, formula) VALUES('Butóxido de Titanio IV','','4','1','Ti(OCH2CH2CH2CH3)4');
INSERT INTO materials(name, cas, unit_id, material_type_id, formula) VALUES('C2O4Na2','','2','1','C2O4Na2');
INSERT INTO materials(name, cas, unit_id, material_type_id, formula) VALUES('C4H4KNaO6.4H2O','','3','1','C4H4KNaO6.4H2O');
INSERT INTO materials(name, cas, unit_id, material_type_id, formula) VALUES('Cabezal con rotor CRS L/S','','8','2','');
INSERT INTO materials(name, cas, unit_id, material_type_id, formula) VALUES('Caimanes','','8','2','');
INSERT INTO materials(name, cas, unit_id, material_type_id, formula) VALUES('Caja Metalica','','8','2','');
INSERT INTO materials(name, cas, unit_id, material_type_id, formula) VALUES('Cajas petry','','8','2','');
INSERT INTO materials(name, cas, unit_id, material_type_id, formula) VALUES('Cal sodada','8006288','3','1','');
INSERT INTO materials(name, cas, unit_id, material_type_id, formula) VALUES('Calcio, gránulos','7440702','2','1','');
INSERT INTO materials(name, cas, unit_id, material_type_id, formula) VALUES('Calcium fluoride','7789755','2','1','');
INSERT INTO materials(name, cas, unit_id, material_type_id, formula) VALUES('Calcium Total Hardness ','','','1','');
INSERT INTO materials(name, cas, unit_id, material_type_id, formula) VALUES('Calver 2 Calcium Indicator','','','1','');
INSERT INTO materials(name, cas, unit_id, material_type_id, formula) VALUES('Cápsula de porcelana 50ml','','8','2','');
INSERT INTO materials(name, cas, unit_id, material_type_id, formula) VALUES('Cápsula de porcelana 100ml','','8','2','');
INSERT INTO materials(name, cas, unit_id, material_type_id, formula) VALUES('Cápsula de vidrio 100ml','','8','2','');
INSERT INTO materials(name, cas, unit_id, material_type_id, formula) VALUES('Capsulas ACMS','','','2','');
INSERT INTO materials(name, cas, unit_id, material_type_id, formula) VALUES('Carbazole 95%','86748','2','1','');
INSERT INTO materials(name, cas, unit_id, material_type_id, formula) VALUES('carbón en general','','','1','');
INSERT INTO materials(name, cas, unit_id, material_type_id, formula) VALUES('Carbonato de Amonio','','2','1','(NH4)2CO3');
INSERT INTO materials(name, cas, unit_id, material_type_id, formula) VALUES('Carbonato de Bario','','2','1','BaCO3');
INSERT INTO materials(name, cas, unit_id, material_type_id, formula) VALUES('Carbonato de calcio anhidro','497198','2','1','Na2CO3');
INSERT INTO materials(name, cas, unit_id, material_type_id, formula) VALUES('Carbonato de Estroncio','','2','1','SiCO3');
INSERT INTO materials(name, cas, unit_id, material_type_id, formula) VALUES('Carbonato de Potasio, Anhidro, Granular','584087','2','1','');
INSERT INTO materials(name, cas, unit_id, material_type_id, formula) VALUES('Carbonato de Sodio, Anhídro, Granular','497198','2','1','');
INSERT INTO materials(name, cas, unit_id, material_type_id, formula) VALUES('Carbonato Manganoso','','2','1','Mn2 (CO3)3');
INSERT INTO materials(name, cas, unit_id, material_type_id, formula) VALUES('Carbonilo de hierro','7439896','2','1','');
INSERT INTO materials(name, cas, unit_id, material_type_id, formula) VALUES('Carbonilo de manganeso','10170691','2','1','');
INSERT INTO materials(name, cas, unit_id, material_type_id, formula) VALUES('Carcaza termica de calentamiento','','4','2','');
INSERT INTO materials(name, cas, unit_id, material_type_id, formula) VALUES('Carpetas de 3 aros','','8','2','');
INSERT INTO materials(name, cas, unit_id, material_type_id, formula) VALUES('Carpetas/folders','','8','2','');
INSERT INTO materials(name, cas, unit_id, material_type_id, formula) VALUES('Carpetas/tres aros 2"','','8','2','');
INSERT INTO materials(name, cas, unit_id, material_type_id, formula) VALUES('Cartuchos para respirador','','8','2','');
INSERT INTO materials(name, cas, unit_id, material_type_id, formula) VALUES('CdCl2.5H2O','7790785','2','1','CdCl2.5H2O');
INSERT INTO materials(name, cas, unit_id, material_type_id, formula) VALUES('Celdas de cuarzo 10mm para UV-Vis','','8','2','');
INSERT INTO materials(name, cas, unit_id, material_type_id, formula) VALUES('Celdas de medicion para equipo Autosorb 11mm','','8','2','');
INSERT INTO materials(name, cas, unit_id, material_type_id, formula) VALUES('Celdas de medicion para equipo Autosorb 6mm','','8','2','');
INSERT INTO materials(name, cas, unit_id, material_type_id, formula) VALUES('Celdas de medicion para equipo Autosorb 9mm','','8','2','');
INSERT INTO materials(name, cas, unit_id, material_type_id, formula) VALUES('Celdas electroquímicas','','8','2','');
INSERT INTO materials(name, cas, unit_id, material_type_id, formula) VALUES('Cepillo de lavado','','8','2','');
INSERT INTO materials(name, cas, unit_id, material_type_id, formula) VALUES('Cepillo metalico','','8','2','');
INSERT INTO materials(name, cas, unit_id, material_type_id, formula) VALUES('CH3(CH2)4CH3','110543','5','1','CH3(CH2)4CH3');
INSERT INTO materials(name, cas, unit_id, material_type_id, formula) VALUES('CH3(CH2)7OH','111875','4','1','CH3(CH2)7OH');
INSERT INTO materials(name, cas, unit_id, material_type_id, formula) VALUES('CH3CN','75058','5','1','CH3CN');
INSERT INTO materials(name, cas, unit_id, material_type_id, formula) VALUES('CH3COOH','64197','5','1','CH3COOH');
INSERT INTO materials(name, cas, unit_id, material_type_id, formula) VALUES('CH3OH','67561','5','1','CH3OH');
INSERT INTO materials(name, cas, unit_id, material_type_id, formula) VALUES('Chaqueta del condensador de dedo','','8','2','');
INSERT INTO materials(name, cas, unit_id, material_type_id, formula) VALUES('Chlorine Solution ','','8','1','');
INSERT INTO materials(name, cas, unit_id, material_type_id, formula) VALUES('Chroma Ver 3 Chromium Reagent','','','1','');
INSERT INTO materials(name, cas, unit_id, material_type_id, formula) VALUES('Chromium 1 Reagent','','','1','');
INSERT INTO materials(name, cas, unit_id, material_type_id, formula) VALUES('Chromium 2 reagent powder pillows','','','1','');
INSERT INTO materials(name, cas, unit_id, material_type_id, formula) VALUES('Chromium powder pillows','','8','1','');
INSERT INTO materials(name, cas, unit_id, material_type_id, formula) VALUES('Cianuro Cuproso','544923','2','1','');
INSERT INTO materials(name, cas, unit_id, material_type_id, formula) VALUES('Cianuro de Potasio','1515080','4','1','KCN');
INSERT INTO materials(name, cas, unit_id, material_type_id, formula) VALUES('Cianuro de Sodio, 95+%, A.C.S. Reagent','143339','2','1','');
INSERT INTO materials(name, cas, unit_id, material_type_id, formula) VALUES('Ciclohexano','110838','5','1','C12H7');
INSERT INTO materials(name, cas, unit_id, material_type_id, formula) VALUES('Ciclohexanol','108930','5','1','');
INSERT INTO materials(name, cas, unit_id, material_type_id, formula) VALUES('Cilindro con hexafloruro de Azufre Grado Técnico','','','1','');
INSERT INTO materials(name, cas, unit_id, material_type_id, formula) VALUES('Cilindro con nitrogeno Gas alta pureza','','','1','');
INSERT INTO materials(name, cas, unit_id, material_type_id, formula) VALUES('Cinta ','','','2','');
INSERT INTO materials(name, cas, unit_id, material_type_id, formula) VALUES('Cinta conductiva de cobre','','8','2','');
INSERT INTO materials(name, cas, unit_id, material_type_id, formula) VALUES('Cinta conductiva de cobre doble cara','','8','2','');
INSERT INTO materials(name, cas, unit_id, material_type_id, formula) VALUES('Cinta conductiva de grafito','','8','2','');
INSERT INTO materials(name, cas, unit_id, material_type_id, formula) VALUES('Citrate Buffer for Iron ','','8','1','');
INSERT INTO materials(name, cas, unit_id, material_type_id, formula) VALUES('Citrato de sodio dihidratado','1545801','2','1','');
INSERT INTO materials(name, cas, unit_id, material_type_id, formula) VALUES('Citrato de Sodio, Tribásico, Dihidrato','6132043','2','1','');
INSERT INTO materials(name, cas, unit_id, material_type_id, formula) VALUES('Citrato férrico','','2','1','FeC6H5O7*NH4OH');
INSERT INTO materials(name, cas, unit_id, material_type_id, formula) VALUES('Citrato Férrico n-hidratado','','2','1','FeC6H5O7*NH4OH*n(H2O)');
INSERT INTO materials(name, cas, unit_id, material_type_id, formula) VALUES('Cloramina T Trihidratada','7080504','2','1','C7H7CINNaO2S.3H2O');
INSERT INTO materials(name, cas, unit_id, material_type_id, formula) VALUES('Cloramina T Trihidratada','7080504','2','1','C7H7CINNaO2S.3H2O');
INSERT INTO materials(name, cas, unit_id, material_type_id, formula) VALUES('Clorhidrato de hidroxilamina','219601','2','1','NH2OH.HCl');
INSERT INTO materials(name, cas, unit_id, material_type_id, formula) VALUES('Clorobenceno','108907','5','1','C6H5Cl');
INSERT INTO materials(name, cas, unit_id, material_type_id, formula) VALUES('cloroformo','67663','5','1','');
INSERT INTO materials(name, cas, unit_id, material_type_id, formula) VALUES('Cloruro Cúprico, Dihidrato, Cristales','10125130','2','1','');
INSERT INTO materials(name, cas, unit_id, material_type_id, formula) VALUES('Cloruro de aluminio 99%','7784136','','1','');
INSERT INTO materials(name, cas, unit_id, material_type_id, formula) VALUES('Cloruro de aluminio anhidro','7446700','2','1','');
INSERT INTO materials(name, cas, unit_id, material_type_id, formula) VALUES('Cloruro de Amonio','12125029','2','1','');
INSERT INTO materials(name, cas, unit_id, material_type_id, formula) VALUES('Cloruro de Antimonio','','2','1','SbCl3');
INSERT INTO materials(name, cas, unit_id, material_type_id, formula) VALUES('Cloruro de Bario','10326279','2','1','');
INSERT INTO materials(name, cas, unit_id, material_type_id, formula) VALUES('Cloruro de Bario Dihidratado','','2','1','BaCl2?2H2O');
INSERT INTO materials(name, cas, unit_id, material_type_id, formula) VALUES('cloruro de calcio','10043524','2','1','');
INSERT INTO materials(name, cas, unit_id, material_type_id, formula) VALUES('Cloruro de cetilpiridinio','6004246','2','1','');
INSERT INTO materials(name, cas, unit_id, material_type_id, formula) VALUES('cloruro de cobalto hexahidratado cristal','7791131','2','1','');
INSERT INTO materials(name, cas, unit_id, material_type_id, formula) VALUES('Cloruro de Cobre (II) dihidrato','10125130','','1','');
INSERT INTO materials(name, cas, unit_id, material_type_id, formula) VALUES('Cloruro de Estaño IV','7646788','2','1','SnCl4');
INSERT INTO materials(name, cas, unit_id, material_type_id, formula) VALUES('Cloruro de estañoso anhidro','7772998','2','1','SnCl2');
INSERT INTO materials(name, cas, unit_id, material_type_id, formula) VALUES('Cloruro de Fierro II 4-hidratado','','','1','FeCl2*4H2O');
INSERT INTO materials(name, cas, unit_id, material_type_id, formula) VALUES('Cloruro de Galio (III) anhidro, beads, -10 mesh, 99.999% ','13450903','','1','');
INSERT INTO materials(name, cas, unit_id, material_type_id, formula) VALUES('Cloruro de hafnio 98%','13499053','','1','');
INSERT INTO materials(name, cas, unit_id, material_type_id, formula) VALUES('Cloruro de lantano (III) 99%','10099588','','1','');
INSERT INTO materials(name, cas, unit_id, material_type_id, formula) VALUES('Cloruro de litio','7447418','2','1','');
INSERT INTO materials(name, cas, unit_id, material_type_id, formula) VALUES('Cloruro de Magnesio','7786303','','1','');
INSERT INTO materials(name, cas, unit_id, material_type_id, formula) VALUES('Cloruro de magnesio hexahidratado','7791186','2','1','MgCl2.6H2O');
INSERT INTO materials(name, cas, unit_id, material_type_id, formula) VALUES('Cloruro de Manganeso 4-hidratado','','2','1','MnCl2*4H2O');
INSERT INTO materials(name, cas, unit_id, material_type_id, formula) VALUES('Cloruro de metileno','','5','1','CH2Cl2');
INSERT INTO materials(name, cas, unit_id, material_type_id, formula) VALUES('Cloruro de Niobio V ','10026127','2','1','NbCl5');
INSERT INTO materials(name, cas, unit_id, material_type_id, formula) VALUES('Cloruro de Níquel','7718549','','1','');
INSERT INTO materials(name, cas, unit_id, material_type_id, formula) VALUES('Cloruro de Oro (I) ','10294298','','1','');
INSERT INTO materials(name, cas, unit_id, material_type_id, formula) VALUES('Cloruro de Oro (III) ','13453071','','1','');
INSERT INTO materials(name, cas, unit_id, material_type_id, formula) VALUES('Cloruro de Oro (III)  hidrato','27988778','','1','');
INSERT INTO materials(name, cas, unit_id, material_type_id, formula) VALUES('Cloruro de Oro (III) trihidrato','16961254','','1','');
INSERT INTO materials(name, cas, unit_id, material_type_id, formula) VALUES('Cloruro de Paladio (II)','7647101','2','1','');
INSERT INTO materials(name, cas, unit_id, material_type_id, formula) VALUES('Cloruro de platino (II) 99.99%','10025657','','1','');
INSERT INTO materials(name, cas, unit_id, material_type_id, formula) VALUES('Cloruro de Plomo','7758954','2','1','');
INSERT INTO materials(name, cas, unit_id, material_type_id, formula) VALUES('Cloruro de potasio','7447407','2','1','KCl');
INSERT INTO materials(name, cas, unit_id, material_type_id, formula) VALUES('cloruro de rutenio III','10049088','2','1','');
INSERT INTO materials(name, cas, unit_id, material_type_id, formula) VALUES('cloruro de sodio','7647145','2','1','');
INSERT INTO materials(name, cas, unit_id, material_type_id, formula) VALUES('Cloruro de tantalio(V)','7721019','2','1','');
INSERT INTO materials(name, cas, unit_id, material_type_id, formula) VALUES('cloruro de tionilo','2125597','2','1','');
INSERT INTO materials(name, cas, unit_id, material_type_id, formula) VALUES('Cloruro de Titanio IV','','4','1','TiCl4');
INSERT INTO materials(name, cas, unit_id, material_type_id, formula) VALUES('Cloruro de Tungsteno anhidro','13283017','2','1','');
INSERT INTO materials(name, cas, unit_id, material_type_id, formula) VALUES('Cloruro de Vanadio','','2','1','VCl2');
INSERT INTO materials(name, cas, unit_id, material_type_id, formula) VALUES('Cloruro de Vinilo 200 ug/ml en metanol','75014','','1','');
INSERT INTO materials(name, cas, unit_id, material_type_id, formula) VALUES('Cloruro de Zinc','7646857','2','1','');
INSERT INTO materials(name, cas, unit_id, material_type_id, formula) VALUES('Cloruro de zirconilo (Zirconil cloruro)','13520928','','1','');
INSERT INTO materials(name, cas, unit_id, material_type_id, formula) VALUES('Cloruro Estánico','10026069','','1','');
INSERT INTO materials(name, cas, unit_id, material_type_id, formula) VALUES('Cloruro estañoso anhidro','7772988','','1','SnCl2');
INSERT INTO materials(name, cas, unit_id, material_type_id, formula) VALUES('Cloruro estañoso dihidratado','10025691','2','1','SnCl2.2H2O');
INSERT INTO materials(name, cas, unit_id, material_type_id, formula) VALUES('Cloruro férrico anhidro','7705080','5','1','FeCl3');
INSERT INTO materials(name, cas, unit_id, material_type_id, formula) VALUES('Cloruro férrico hexahidratado','10025771','2','1','FeCl3.6H2O');
INSERT INTO materials(name, cas, unit_id, material_type_id, formula) VALUES('Cloruro ferroso 4-Hidrato, Cristal','13478109','','1','');
INSERT INTO materials(name, cas, unit_id, material_type_id, formula) VALUES('Cloruro Manganoso','13446349','','1','');
INSERT INTO materials(name, cas, unit_id, material_type_id, formula) VALUES('Cloruro Niqueloso, 6-hidrato, Cristales','7791202','2','1','');
INSERT INTO materials(name, cas, unit_id, material_type_id, formula) VALUES('Color Standard 500 platinum','','','1','');
INSERT INTO materials(name, cas, unit_id, material_type_id, formula) VALUES('Copa para punto de inflamabilidad','','8','2','');
INSERT INTO materials(name, cas, unit_id, material_type_id, formula) VALUES('Crisoles de grafito','','8','2','');
INSERT INTO materials(name, cas, unit_id, material_type_id, formula) VALUES('cristales piezoeléctricos para nebulizador Sonaer P24','','8','2','');
INSERT INTO materials(name, cas, unit_id, material_type_id, formula) VALUES('Cromato de plomo','7758976','2','1','PbCrO4');
INSERT INTO materials(name, cas, unit_id, material_type_id, formula) VALUES('Cromato de potasio','7789006','2','1','K2CrO4');
INSERT INTO materials(name, cas, unit_id, material_type_id, formula) VALUES('Decano, n-','124185','5','1','C10H22');
INSERT INTO materials(name, cas, unit_id, material_type_id, formula) VALUES('DENKA LaB6 Cathode','','8','2','');
INSERT INTO materials(name, cas, unit_id, material_type_id, formula) VALUES('Desecador','','8','2','');
INSERT INTO materials(name, cas, unit_id, material_type_id, formula) VALUES('Desecador con llave de cristal (Grande)','','8','2','');
INSERT INTO materials(name, cas, unit_id, material_type_id, formula) VALUES('Desecador con llave de cristal (Pequeño)','','8','2','');
INSERT INTO materials(name, cas, unit_id, material_type_id, formula) VALUES('Detergente liquido alcalino (concentrado)','','5','1','');
INSERT INTO materials(name, cas, unit_id, material_type_id, formula) VALUES('Detergents Standard Solution','','','1','');
INSERT INTO materials(name, cas, unit_id, material_type_id, formula) VALUES('Dibenzotiofeno','132650','2','1','');
INSERT INTO materials(name, cas, unit_id, material_type_id, formula) VALUES('Dichloromethane','75092','4','1','');
INSERT INTO materials(name, cas, unit_id, material_type_id, formula) VALUES('Diclorodimetilsilano','75786','2','1','');
INSERT INTO materials(name, cas, unit_id, material_type_id, formula) VALUES('Dicloroetano anhidro','107062','5','1','');
INSERT INTO materials(name, cas, unit_id, material_type_id, formula) VALUES('Diclorometano','75092','5','1','CH2Cl');
INSERT INTO materials(name, cas, unit_id, material_type_id, formula) VALUES('Dicromato de Potasio, Cristal','7778509','2','1','');
INSERT INTO materials(name, cas, unit_id, material_type_id, formula) VALUES('Dietil éter','60297','5','1','C4H10O');
INSERT INTO materials(name, cas, unit_id, material_type_id, formula) VALUES('Dietilamina','','4','1','(C2H5)2NH');
INSERT INTO materials(name, cas, unit_id, material_type_id, formula) VALUES('Dietilentriamina','','4','1','(H2NCH2CH2)2NH');
INSERT INTO materials(name, cas, unit_id, material_type_id, formula) VALUES('Difenil Carbazida','538625','2','1','');
INSERT INTO materials(name, cas, unit_id, material_type_id, formula) VALUES('Difenilamina','122394','2','1','');
INSERT INTO materials(name, cas, unit_id, material_type_id, formula) VALUES('Dimeltilamino borano, Complejo (DMAB)','74942','2','1','');
INSERT INTO materials(name, cas, unit_id, material_type_id, formula) VALUES('Dimetil Oxalato','','2','1','(CH3)2C2O4');
INSERT INTO materials(name, cas, unit_id, material_type_id, formula) VALUES('Dimetilamino Borano ácido carboxílico','77356059','2','1','');
INSERT INTO materials(name, cas, unit_id, material_type_id, formula) VALUES('Dioctil sulfosuccinate de sodio','577117','2','1','');
INSERT INTO materials(name, cas, unit_id, material_type_id, formula) VALUES('dioxido de estaño','','2','1','SnO2');
INSERT INTO materials(name, cas, unit_id, material_type_id, formula) VALUES('Dióxido de Manganeso','1313139','2','1','MnO2');
INSERT INTO materials(name, cas, unit_id, material_type_id, formula) VALUES('Dióxido de Silicio','','2','1','SiO2');
INSERT INTO materials(name, cas, unit_id, material_type_id, formula) VALUES('Dióxido de Titanio','','2','1','TiO2');
INSERT INTO materials(name, cas, unit_id, material_type_id, formula) VALUES('Diphenylcarbazone Reagent powder pillows ','','','1','');
INSERT INTO materials(name, cas, unit_id, material_type_id, formula) VALUES('Discos CD','','8','2','');
INSERT INTO materials(name, cas, unit_id, material_type_id, formula) VALUES('Dispensador ','','8','2','');
INSERT INTO materials(name, cas, unit_id, material_type_id, formula) VALUES('Dodecil Sulfato de Sodio','','2','2','CH3(CH2)11OSO3Na');
INSERT INTO materials(name, cas, unit_id, material_type_id, formula) VALUES('Dodeciltrimetilamonio bromuro','1119944','2','1','');
INSERT INTO materials(name, cas, unit_id, material_type_id, formula) VALUES('DPD free Chlorine reagent','','','1','');
INSERT INTO materials(name, cas, unit_id, material_type_id, formula) VALUES('Dust-Off Plus Refill','','','1','');
INSERT INTO materials(name, cas, unit_id, material_type_id, formula) VALUES('EDTA, sal disódica, dihidrato','6381926','2','1','');
INSERT INTO materials(name, cas, unit_id, material_type_id, formula) VALUES('Electrodo, Solución','','','1','');
INSERT INTO materials(name, cas, unit_id, material_type_id, formula) VALUES('embudos','','8','2','');
INSERT INTO materials(name, cas, unit_id, material_type_id, formula) VALUES('Equipo de agitación rotatorio','','8','2','');
INSERT INTO materials(name, cas, unit_id, material_type_id, formula) VALUES('Equipo extractor Zero Head Space','','8','2','');
INSERT INTO materials(name, cas, unit_id, material_type_id, formula) VALUES('Espátulas','','8','2','');
INSERT INTO materials(name, cas, unit_id, material_type_id, formula) VALUES('Espectrofotometro UV','','8','2','');
INSERT INTO materials(name, cas, unit_id, material_type_id, formula) VALUES('Est Vinil Bolsas ','','8','2','');
INSERT INTO materials(name, cas, unit_id, material_type_id, formula) VALUES('Estandar Calibración','','8','2','');
INSERT INTO materials(name, cas, unit_id, material_type_id, formula) VALUES('estandar de calibraciòn de Conductividad','','4','1','');
INSERT INTO materials(name, cas, unit_id, material_type_id, formula) VALUES('Estándar de Fosfatos 100ppm','','4','1','');
INSERT INTO materials(name, cas, unit_id, material_type_id, formula) VALUES('Estándar de Nitratos 1000mg/L','','4','1','');
INSERT INTO materials(name, cas, unit_id, material_type_id, formula) VALUES('estandar solution DQO 1000ppm','877247        7732185','4','1','');
INSERT INTO materials(name, cas, unit_id, material_type_id, formula) VALUES('Estearato de Calcio','','2','1','Ca(OOCH35C17)2');
INSERT INTO materials(name, cas, unit_id, material_type_id, formula) VALUES('Estearato de Zinc','','2','1','Zn(C12H35O2)2');
INSERT INTO materials(name, cas, unit_id, material_type_id, formula) VALUES('Estireno','100425','4','1','');
INSERT INTO materials(name, cas, unit_id, material_type_id, formula) VALUES('Etanol','64175','4','1','C2H6O');
INSERT INTO materials(name, cas, unit_id, material_type_id, formula) VALUES('Eterdibutilico','142961','4','1','');
INSERT INTO materials(name, cas, unit_id, material_type_id, formula) VALUES('Ethyl Acetate','141786','4','1','');
INSERT INTO materials(name, cas, unit_id, material_type_id, formula) VALUES('Etilendiamina','107153','4','1','');
INSERT INTO materials(name, cas, unit_id, material_type_id, formula) VALUES('Etilendioxitiofeno EDT','126213501','2','1','');
INSERT INTO materials(name, cas, unit_id, material_type_id, formula) VALUES('Etilenglicol','','4','1','HOCH2CH2OH');
INSERT INTO materials(name, cas, unit_id, material_type_id, formula) VALUES('Etiquetas','','8','2','');
INSERT INTO materials(name, cas, unit_id, material_type_id, formula) VALUES('Extensiones','','8','2','');
INSERT INTO materials(name, cas, unit_id, material_type_id, formula) VALUES('Extractor soxhlet','','8','2','');
INSERT INTO materials(name, cas, unit_id, material_type_id, formula) VALUES('Fe(NH4).6H2O','7783859','2','1','Fe(NH4).6H2O');
INSERT INTO materials(name, cas, unit_id, material_type_id, formula) VALUES('FeNH4(SO4)2.12H2O','7783837','2','1','FeNH4(SO4)2.12H2O');
INSERT INTO materials(name, cas, unit_id, material_type_id, formula) VALUES('Fenolftaleina, en polvo','77098','2','1','C20H14O4');
INSERT INTO materials(name, cas, unit_id, material_type_id, formula) VALUES('Ferroceno','102545','2','1','');
INSERT INTO materials(name, cas, unit_id, material_type_id, formula) VALUES('Ferrocianuro de Potasio, Trihidrato, Cristales','14459951','2','1','');
INSERT INTO materials(name, cas, unit_id, material_type_id, formula) VALUES('Ferrozine Iron solution pillows','','8','1','');
INSERT INTO materials(name, cas, unit_id, material_type_id, formula) VALUES('FeSO4','','2','1','FeSO4');
INSERT INTO materials(name, cas, unit_id, material_type_id, formula) VALUES('Filamento','','8','2','');
INSERT INTO materials(name, cas, unit_id, material_type_id, formula) VALUES('Filtros','','8','2','');
INSERT INTO materials(name, cas, unit_id, material_type_id, formula) VALUES('Floruro de amonio ','12125018','2','1','');
INSERT INTO materials(name, cas, unit_id, material_type_id, formula) VALUES('Floruro de sodio','7681494','2','1','');
INSERT INTO materials(name, cas, unit_id, material_type_id, formula) VALUES('Flouride Standard 100ppm','7681494','4','1','');
INSERT INTO materials(name, cas, unit_id, material_type_id, formula) VALUES('Floururo de calcio','7789755','2','1','');
INSERT INTO materials(name, cas, unit_id, material_type_id, formula) VALUES('Formaldehido','50000','4','1','');
INSERT INTO materials(name, cas, unit_id, material_type_id, formula) VALUES('Fosfato de Amonio','7783280','2','1','');
INSERT INTO materials(name, cas, unit_id, material_type_id, formula) VALUES('Fosfato de Potasio','7758 11 04','2','1','');
INSERT INTO materials(name, cas, unit_id, material_type_id, formula) VALUES('Fosfato de potasio dibasico','77581114','2','1','K2HPO4');
INSERT INTO materials(name, cas, unit_id, material_type_id, formula) VALUES('Fosfato de sodio','10049215','2','1','');
INSERT INTO materials(name, cas, unit_id, material_type_id, formula) VALUES('Fosfato de Sodio dibasico dodehidratado','7558794','2','1','Na2HPO4.12H2O');
INSERT INTO materials(name, cas, unit_id, material_type_id, formula) VALUES('Fosfato de Sodio, Tribásico, 12-Hidrato','10101890','2','1','');
INSERT INTO materials(name, cas, unit_id, material_type_id, formula) VALUES('Fosfato Hidrogenado de Di-potasio, Anhidro','7758114','2','1','');
INSERT INTO materials(name, cas, unit_id, material_type_id, formula) VALUES('Fosfato-hidrogenado de Sodio','7558794','2','1','');
INSERT INTO materials(name, cas, unit_id, material_type_id, formula) VALUES('Frascos contenedores','','8','2','');
INSERT INTO materials(name, cas, unit_id, material_type_id, formula) VALUES('Fuente de Poder Polectrol','Struers','8','2','');
INSERT INTO materials(name, cas, unit_id, material_type_id, formula) VALUES('Fuente radioactiva Co57','','','2','');
INSERT INTO materials(name, cas, unit_id, material_type_id, formula) VALUES('Gas LP','','4','1','');
INSERT INTO materials(name, cas, unit_id, material_type_id, formula) VALUES('Gas patrón CO','','','1','');
INSERT INTO materials(name, cas, unit_id, material_type_id, formula) VALUES('Gas patrón CO2','','','1','');
INSERT INTO materials(name, cas, unit_id, material_type_id, formula) VALUES('Gas patrón O2','','','1','');
INSERT INTO materials(name, cas, unit_id, material_type_id, formula) VALUES('Gluconato de Sodio','527071','2','1','');
INSERT INTO materials(name, cas, unit_id, material_type_id, formula) VALUES('Glycine','56406','2','1','');
INSERT INTO materials(name, cas, unit_id, material_type_id, formula) VALUES('Guantes','','8','2','');
INSERT INTO materials(name, cas, unit_id, material_type_id, formula) VALUES('Guantes de nitrilo sinteticos premium(uniseal)','','','2','');
INSERT INTO materials(name, cas, unit_id, material_type_id, formula) VALUES('H2O Magnetizada','','4','1','H2O');
INSERT INTO materials(name, cas, unit_id, material_type_id, formula) VALUES('H2O2','','4','1','H2O2');
INSERT INTO materials(name, cas, unit_id, material_type_id, formula) VALUES('H2SO4','7664939','5','1','H2SO4');
INSERT INTO materials(name, cas, unit_id, material_type_id, formula) VALUES('H3PO4','7664382','5','1','H3PO4');
INSERT INTO materials(name, cas, unit_id, material_type_id, formula) VALUES('Halloysita nanoarcilla','1332587','2','1','');
INSERT INTO materials(name, cas, unit_id, material_type_id, formula) VALUES('HCl','7647010','5','1','HCl');
INSERT INTO materials(name, cas, unit_id, material_type_id, formula) VALUES('HCOOH','','4','1','HCOOH');
INSERT INTO materials(name, cas, unit_id, material_type_id, formula) VALUES('Helio','7440597','','1','');
INSERT INTO materials(name, cas, unit_id, material_type_id, formula) VALUES('Heptano Anhídrido','142825','5','1','');
INSERT INTO materials(name, cas, unit_id, material_type_id, formula) VALUES('Hexadecano (99%)','544764','5','1','C16H35');
INSERT INTO materials(name, cas, unit_id, material_type_id, formula) VALUES('Hexadeciltrimetil Bromuro de Amonio','','2','1','CH3(CH2)15N(Br)(CH3)3');
INSERT INTO materials(name, cas, unit_id, material_type_id, formula) VALUES('Hexadeciltrimetilamonio Bromuro','','4','1','C16H33N(CH3)3Br');
INSERT INTO materials(name, cas, unit_id, material_type_id, formula) VALUES('Hexano (89.7% de n-hexano)','110543','5','1','CH3(CH2)4CH3');
INSERT INTO materials(name, cas, unit_id, material_type_id, formula) VALUES('HF','7664393','4','1','HF');
INSERT INTO materials(name, cas, unit_id, material_type_id, formula) VALUES('Hidrato de Rutino (quercetin-3-rutinoside hydrate)','207671509','2','1','');
INSERT INTO materials(name, cas, unit_id, material_type_id, formula) VALUES('Hidrogeno','1333740','','1','');
INSERT INTO materials(name, cas, unit_id, material_type_id, formula) VALUES('Hidrosulfito de Sodio','7775146','2','1','');
INSERT INTO materials(name, cas, unit_id, material_type_id, formula) VALUES('Hidroxido de amonia','1336216','5','1','');
INSERT INTO materials(name, cas, unit_id, material_type_id, formula) VALUES('Hidróxido de Bario monohidratado','','2','1','Ba(OH)2*H2O');
INSERT INTO materials(name, cas, unit_id, material_type_id, formula) VALUES('Hidróxido de Calcio ','1305620','2','1','Ca(OH)2');
INSERT INTO materials(name, cas, unit_id, material_type_id, formula) VALUES('Hidróxido de Potasio','1310583','2','1','KOH');
INSERT INTO materials(name, cas, unit_id, material_type_id, formula) VALUES('Hidróxido de Sodio','1310732','2','1','NaOH');
INSERT INTO materials(name, cas, unit_id, material_type_id, formula) VALUES('Hidróxido de sodio perlas','13107312','2','1','');
INSERT INTO materials(name, cas, unit_id, material_type_id, formula) VALUES('Hidróxido de Tetrametilamonio 5-hidratado','','2','1','N(CH3)4OH');
INSERT INTO materials(name, cas, unit_id, material_type_id, formula) VALUES('Hidróxido Tetrametil Amonio','','5','1','C4H13NO');
INSERT INTO materials(name, cas, unit_id, material_type_id, formula) VALUES('Hidruro de aluminio y litio','16853853','2','1','');
INSERT INTO materials(name, cas, unit_id, material_type_id, formula) VALUES('Hidruro de Titanio (II)','7704985','2','1','');
INSERT INTO materials(name, cas, unit_id, material_type_id, formula) VALUES('Hielera','','5','2','');
INSERT INTO materials(name, cas, unit_id, material_type_id, formula) VALUES('Hierro','','2','1','Fe');
INSERT INTO materials(name, cas, unit_id, material_type_id, formula) VALUES('Hilos de plata','7440224','','1','');
INSERT INTO materials(name, cas, unit_id, material_type_id, formula) VALUES('Hipoclorito de Calcio','7778543','2','1','CaCl2O2');
INSERT INTO materials(name, cas, unit_id, material_type_id, formula) VALUES('Hipofosfito de Sodio','10039562','2','1','');
INSERT INTO materials(name, cas, unit_id, material_type_id, formula) VALUES('Hisopo de punta fina','','','2','');
INSERT INTO materials(name, cas, unit_id, material_type_id, formula) VALUES('HNO3','7697372','4','1','HNO3');
INSERT INTO materials(name, cas, unit_id, material_type_id, formula) VALUES('HNO3','7697372','5','1','HNO3');
INSERT INTO materials(name, cas, unit_id, material_type_id, formula) VALUES('HNO3','7697372','5','1','HNO3');
INSERT INTO materials(name, cas, unit_id, material_type_id, formula) VALUES('HOOC-C6H4-COOK','877247','2','1','HOOC-C6H4-COOK');
INSERT INTO materials(name, cas, unit_id, material_type_id, formula) VALUES('Horno de convección forzada','','8','2','');
INSERT INTO materials(name, cas, unit_id, material_type_id, formula) VALUES('Hydroxylamine Hydrochloride','5470 11 1','2','1','');
INSERT INTO materials(name, cas, unit_id, material_type_id, formula) VALUES('Indigo','482893','2','1','');
INSERT INTO materials(name, cas, unit_id, material_type_id, formula) VALUES('Inlet Tube (tubo de entrada)','','8','2','');
INSERT INTO materials(name, cas, unit_id, material_type_id, formula) VALUES('IRON(II) Chloride Tetrahydrate','13478109','2','1','');
INSERT INTO materials(name, cas, unit_id, material_type_id, formula) VALUES('Iron(III) acetylacetonate','','2','1','C15H21FeO6');
INSERT INTO materials(name, cas, unit_id, material_type_id, formula) VALUES('Isopropanol (2-Propanol)','67630','5','1','');
INSERT INTO materials(name, cas, unit_id, material_type_id, formula) VALUES('Jabón liquido','','','1','');
INSERT INTO materials(name, cas, unit_id, material_type_id, formula) VALUES('Jeringas','','8','2','');
INSERT INTO materials(name, cas, unit_id, material_type_id, formula) VALUES('Juego de llaves hexagonales','','8','2','');
INSERT INTO materials(name, cas, unit_id, material_type_id, formula) VALUES('Junta de destilación','','8','2','');
INSERT INTO materials(name, cas, unit_id, material_type_id, formula) VALUES('K2CO3.1.5H2O','6381799','2','1','K2CO3.1.5H2O');
INSERT INTO materials(name, cas, unit_id, material_type_id, formula) VALUES('K2Cr2O7','7778509','2','1','K2Cr2O7');
INSERT INTO materials(name, cas, unit_id, material_type_id, formula) VALUES('K2S2O3','','2','1','K2S2O3');
INSERT INTO materials(name, cas, unit_id, material_type_id, formula) VALUES('KCIO3','3811049','2','1','KCIO3');
INSERT INTO materials(name, cas, unit_id, material_type_id, formula) VALUES('KCl','7447407','2','1','KCl');
INSERT INTO materials(name, cas, unit_id, material_type_id, formula) VALUES('Kit de juego de mangueras','','8','2','');
INSERT INTO materials(name, cas, unit_id, material_type_id, formula) VALUES('Kit medidor de mesa pH/mV','','8','2','');
INSERT INTO materials(name, cas, unit_id, material_type_id, formula) VALUES('KMNO4','7722647','2','1','KMNO4');
INSERT INTO materials(name, cas, unit_id, material_type_id, formula) VALUES('KODAK Developer D-19','','8','2','');
INSERT INTO materials(name, cas, unit_id, material_type_id, formula) VALUES('KODAK Rapid Fixer','','5','2','');
INSERT INTO materials(name, cas, unit_id, material_type_id, formula) VALUES('KODAK SO-163 EM Film, 3-1/4 x 4"','','8','2','');
INSERT INTO materials(name, cas, unit_id, material_type_id, formula) VALUES('KOH','1310583','2','1','KOH');
INSERT INTO materials(name, cas, unit_id, material_type_id, formula) VALUES('KSCN','333200','2','1','KSCN');
INSERT INTO materials(name, cas, unit_id, material_type_id, formula) VALUES('L-Cisteina','52904','2','1','HSCH2CH(NH2)COOH');
INSERT INTO materials(name, cas, unit_id, material_type_id, formula) VALUES('La2O3','1312818','2','1','La2O3');
INSERT INTO materials(name, cas, unit_id, material_type_id, formula) VALUES('Lacey Carbon Films  LC325-Cu','','8','2','');
INSERT INTO materials(name, cas, unit_id, material_type_id, formula) VALUES('Lámpara catodo hueco Arsénico','','8','2','');
INSERT INTO materials(name, cas, unit_id, material_type_id, formula) VALUES('Lampara catodo hueco berilio','','8','2','');
INSERT INTO materials(name, cas, unit_id, material_type_id, formula) VALUES('Lampara catodo hueco Mercurio','','8','2','');
INSERT INTO materials(name, cas, unit_id, material_type_id, formula) VALUES('Lampara catodo hueco Talio','','8','2','');
INSERT INTO materials(name, cas, unit_id, material_type_id, formula) VALUES('Lampara catodo hueco Vanadio','','8','2','');
INSERT INTO materials(name, cas, unit_id, material_type_id, formula) VALUES('Lámpara de cátodo hueco Ag','','8','2','');
INSERT INTO materials(name, cas, unit_id, material_type_id, formula) VALUES('Lámpara de cátodo hueco Al','','8','2','');
INSERT INTO materials(name, cas, unit_id, material_type_id, formula) VALUES('Lámpara de cátodo hueco As','','8','2','');
INSERT INTO materials(name, cas, unit_id, material_type_id, formula) VALUES('Lámpara de cátodo hueco Au','','8','2','');
INSERT INTO materials(name, cas, unit_id, material_type_id, formula) VALUES('Lámpara de cátodo hueco Ba','','8','2','');
INSERT INTO materials(name, cas, unit_id, material_type_id, formula) VALUES('Lámpara de cátodo hueco Be','','8','2','');
INSERT INTO materials(name, cas, unit_id, material_type_id, formula) VALUES('Lámpara de cátodo hueco Ca','','8','2','');
INSERT INTO materials(name, cas, unit_id, material_type_id, formula) VALUES('Lámpara de cátodo hueco Cd','','8','2','');
INSERT INTO materials(name, cas, unit_id, material_type_id, formula) VALUES('Lámpara de cátodo hueco Co','','8','2','');
INSERT INTO materials(name, cas, unit_id, material_type_id, formula) VALUES('Lámpara de cátodo hueco Cr','','8','2','');
INSERT INTO materials(name, cas, unit_id, material_type_id, formula) VALUES('Lámpara de cátodo hueco Cu','','8','2','');
INSERT INTO materials(name, cas, unit_id, material_type_id, formula) VALUES('Lámpara de cátodo hueco Fe','','8','2','');
INSERT INTO materials(name, cas, unit_id, material_type_id, formula) VALUES('Lámpara de cátodo hueco Hg','','8','2','');
INSERT INTO materials(name, cas, unit_id, material_type_id, formula) VALUES('Lámpara de cátodo hueco Mn','','8','2','');
INSERT INTO materials(name, cas, unit_id, material_type_id, formula) VALUES('Lámpara de cátodo hueco Pb','','8','2','');
INSERT INTO materials(name, cas, unit_id, material_type_id, formula) VALUES('Lámpara de cátodo hueco Sb','','8','2','');
INSERT INTO materials(name, cas, unit_id, material_type_id, formula) VALUES('Lámpara de cátodo hueco Se','','8','2','');
INSERT INTO materials(name, cas, unit_id, material_type_id, formula) VALUES('Lámpara de cátodo hueco Si','','8','2','');
INSERT INTO materials(name, cas, unit_id, material_type_id, formula) VALUES('Lámpara de cátodo hueco Sn','','8','2','');
INSERT INTO materials(name, cas, unit_id, material_type_id, formula) VALUES('Lámpara de cátodo hueco Tl','','8','2','');
INSERT INTO materials(name, cas, unit_id, material_type_id, formula) VALUES('Lámpara de cátodo hueco V','','8','2','');
INSERT INTO materials(name, cas, unit_id, material_type_id, formula) VALUES('Lámpara de cátodo hueco Zn','','8','2','');
INSERT INTO materials(name, cas, unit_id, material_type_id, formula) VALUES('Lámpara Super Ni','','8','2','');
INSERT INTO materials(name, cas, unit_id, material_type_id, formula) VALUES('Lámparas de halogeno','','8','2','');
INSERT INTO materials(name, cas, unit_id, material_type_id, formula) VALUES('Lentes de Seguridad Plástico','','8','2','');
INSERT INTO materials(name, cas, unit_id, material_type_id, formula) VALUES('LIave Combinada','','8','2','');
INSERT INTO materials(name, cas, unit_id, material_type_id, formula) VALUES('Lijas de 320','','','2','');
INSERT INTO materials(name, cas, unit_id, material_type_id, formula) VALUES('LiMn2O4','12057179','2','1','LiMn2O4');
INSERT INTO materials(name, cas, unit_id, material_type_id, formula) VALUES('Loctite sellador industrial','','8','2','');
INSERT INTO materials(name, cas, unit_id, material_type_id, formula) VALUES('Maleato de dibutilo','105760','5','1','');
INSERT INTO materials(name, cas, unit_id, material_type_id, formula) VALUES('Man Ver 2 Hardness Indicator powder pillows','','8','1','');
INSERT INTO materials(name, cas, unit_id, material_type_id, formula) VALUES('Mandil de seguridad','','8','2','');
INSERT INTO materials(name, cas, unit_id, material_type_id, formula) VALUES('Manganato de Lantano y Estroncio','http://wwwadvancedmaterialsus/S5725SRhtm','','1','');
INSERT INTO materials(name, cas, unit_id, material_type_id, formula) VALUES('Mango Articulado 1/4','','8','2','');
INSERT INTO materials(name, cas, unit_id, material_type_id, formula) VALUES('Manguera de Tygon','','7','2','');
INSERT INTO materials(name, cas, unit_id, material_type_id, formula) VALUES('Mantilla de calentamiento','','8','2','');
INSERT INTO materials(name, cas, unit_id, material_type_id, formula) VALUES('Mascarillas','','','2','');
INSERT INTO materials(name, cas, unit_id, material_type_id, formula) VALUES('Matraca Reversible 1/4','','8','2','');
INSERT INTO materials(name, cas, unit_id, material_type_id, formula) VALUES('Melamina','108781','3','1','');
INSERT INTO materials(name, cas, unit_id, material_type_id, formula) VALUES('mercurio metalico','7429976','2','1','');
INSERT INTO materials(name, cas, unit_id, material_type_id, formula) VALUES('Met Colour AOL6','','4','1','');
INSERT INTO materials(name, cas, unit_id, material_type_id, formula) VALUES('Met Colour D185','','2','1','');
INSERT INTO materials(name, cas, unit_id, material_type_id, formula) VALUES('metacrilato de 3-(trimetoxisilil)propilo, 98%','2530850','4','1','');
INSERT INTO materials(name, cas, unit_id, material_type_id, formula) VALUES('Metafosfato de Sodio','','2','1','(NaPO)*NaO');
INSERT INTO materials(name, cas, unit_id, material_type_id, formula) VALUES('Metanol','67561','5','1','');
INSERT INTO materials(name, cas, unit_id, material_type_id, formula) VALUES('Metanol, CHROMASOLV® HPLC >99.9%','67561','5','1','CH4O');
INSERT INTO materials(name, cas, unit_id, material_type_id, formula) VALUES('Metatungstato de Ammonio hidrato 99.99%','312695695','','1','');
INSERT INTO materials(name, cas, unit_id, material_type_id, formula) VALUES('Metatungstato de Ammonio hidrato, +80 mesh','12333118','','1','');
INSERT INTO materials(name, cas, unit_id, material_type_id, formula) VALUES('Methyl Orange sodium salt','547580','2','1','');
INSERT INTO materials(name, cas, unit_id, material_type_id, formula) VALUES('Methyl Red','845103','2','1','');
INSERT INTO materials(name, cas, unit_id, material_type_id, formula) VALUES('Metil acrilato','96333','5','1','');
INSERT INTO materials(name, cas, unit_id, material_type_id, formula) VALUES('Metil Etil Cetona','78933','5','1','CH3COCH2CH3');
INSERT INTO materials(name, cas, unit_id, material_type_id, formula) VALUES('Mezcla N2/O2','','','1','');
INSERT INTO materials(name, cas, unit_id, material_type_id, formula) VALUES('MgCl2.6H2O','7791186','2','1','MgCl2.6H2O');
INSERT INTO materials(name, cas, unit_id, material_type_id, formula) VALUES('Micropolvo de Hierro','','2','1','Fe');
INSERT INTO materials(name, cas, unit_id, material_type_id, formula) VALUES('Molibdato de Amonio','12054852','','1','');
INSERT INTO materials(name, cas, unit_id, material_type_id, formula) VALUES('Molibdato de Sodio, Dihidrato','10102406','2','1','');
INSERT INTO materials(name, cas, unit_id, material_type_id, formula) VALUES('Monoetilenglicol','107211','','1','');
INSERT INTO materials(name, cas, unit_id, material_type_id, formula) VALUES('Monoetilenglicol Fibra','','3','1','HOCH2CH2OH');
INSERT INTO materials(name, cas, unit_id, material_type_id, formula) VALUES('Mortero c/pistilo','','3','2','');
INSERT INTO materials(name, cas, unit_id, material_type_id, formula) VALUES('Mortero c/pistilo','','4','2','');
INSERT INTO materials(name, cas, unit_id, material_type_id, formula) VALUES('Mortero c/pistilo','','4','2','');
INSERT INTO materials(name, cas, unit_id, material_type_id, formula) VALUES('MR - Dicromato de potasio','7778509','2','1','K2Cr2O7');
INSERT INTO materials(name, cas, unit_id, material_type_id, formula) VALUES('MR C - Paquete c/sobres Sol. Conduct 1413 ?S/cm','','4','1','');
INSERT INTO materials(name, cas, unit_id, material_type_id, formula) VALUES('MR CG  1,1,1,2-tetracloroetano (200 µg/ml en metanol)','630206','4','1','');
INSERT INTO materials(name, cas, unit_id, material_type_id, formula) VALUES('MR CG  4-bromofluorbenceno (200 µg/ml en metanol)','460004','4','1','');
INSERT INTO materials(name, cas, unit_id, material_type_id, formula) VALUES('MR CG  bisulfuro de carbono (200 µg/ml en metanol)','75150','4','1','');
INSERT INTO materials(name, cas, unit_id, material_type_id, formula) VALUES('MR CG  Cloruro de vinilo (200 µg/ml en metanol)','75014','4','1','');
INSERT INTO materials(name, cas, unit_id, material_type_id, formula) VALUES('MR CG  EPA 8240B/8260A Sistem Perfom. Check Cmps (200 µg/ml en metanol)','','4','1','');
INSERT INTO materials(name, cas, unit_id, material_type_id, formula) VALUES('MR CG  Internal standard mix 30074,30074-5XX, & 30174 / 8260','630206','4','1','');
INSERT INTO materials(name, cas, unit_id, material_type_id, formula) VALUES('MR CG 2-Butanone Standard 5000 µg/mL leach in P&T Methanol/Water 90:10','','4','1','');
INSERT INTO materials(name, cas, unit_id, material_type_id, formula) VALUES('MR CG 8240/8260 Calibration check mix 2000 µg/mL each in P&T Methanol','','4','1','');
INSERT INTO materials(name, cas, unit_id, material_type_id, formula) VALUES('MR CG 8260 Internal Standard Mix (varios 2500 µg/ml en metanol)','','4','1','');
INSERT INTO materials(name, cas, unit_id, material_type_id, formula) VALUES('MR CG 8260 internal standard mix 2500 µg/mL each in P&T Methanol','','4','1','');
INSERT INTO materials(name, cas, unit_id, material_type_id, formula) VALUES('MR CG 8260 Volatiles Calibration Mix (en 2000 µg/mL metanol)','','4','1','');
INSERT INTO materials(name, cas, unit_id, material_type_id, formula) VALUES('MR CG 8260A surrogate mix 2500 µg/mL each in P&T Methanol','','4','1','');
INSERT INTO materials(name, cas, unit_id, material_type_id, formula) VALUES('MR CG 8260A Surrogate Standars Mix (varios 250 µg/ml en metanol)','','4','1','');
INSERT INTO materials(name, cas, unit_id, material_type_id, formula) VALUES('MR CG 8260A Surrogate Standars Mix (varios 2500 µg/ml en metanol)','','4','1','');
INSERT INTO materials(name, cas, unit_id, material_type_id, formula) VALUES('MR CG 8260B calibration mix # 1 2000 µg/mL each in P&T Methanol','','4','1','');
INSERT INTO materials(name, cas, unit_id, material_type_id, formula) VALUES('MR CG Alcohol isobutilico, Solución (100 µg/ml en metanol)','','4','1','');
INSERT INTO materials(name, cas, unit_id, material_type_id, formula) VALUES('MR CG Calibration Mix A (varios 2000 µg/ml en metanol)','','4','1','');
INSERT INTO materials(name, cas, unit_id, material_type_id, formula) VALUES('MR CG Compuestos halogenados volatiles en metanol','','4','1','');
INSERT INTO materials(name, cas, unit_id, material_type_id, formula) VALUES('MR CG EPA 8240B/8260A Calibration check compounds (varios 2000 µg/ml en metanol)','','4','1','');
INSERT INTO materials(name, cas, unit_id, material_type_id, formula) VALUES('MR CG Estandar de 4-Bromofluorobenzeno 2500 µg/mL cada uno en P&T Metanol','','4','1','');
INSERT INTO materials(name, cas, unit_id, material_type_id, formula) VALUES('MR CG Metiletilcetona (100.1 µg/ml en metanol)','78933','4','1','');
INSERT INTO materials(name, cas, unit_id, material_type_id, formula) VALUES('MR CG Piridina (100 µg/ml en diclorometano)','110861','4','1','');
INSERT INTO materials(name, cas, unit_id, material_type_id, formula) VALUES('MR CG Pyridine standard 2000 µg/mL leach in P&T Methanol','','4','1','');
INSERT INTO materials(name, cas, unit_id, material_type_id, formula) VALUES('MR D-93 Nominal Flash Point','64742478','4','1','');
INSERT INTO materials(name, cas, unit_id, material_type_id, formula) VALUES('MR FP Flash Point','','4','1','');
INSERT INTO materials(name, cas, unit_id, material_type_id, formula) VALUES('MR M Aluminio 1001 mg/L, Disolución de','','4','1','Al en 5% HNO3');
INSERT INTO materials(name, cas, unit_id, material_type_id, formula) VALUES('MR M Arsenico 1000 ± 6 mg/L, Disolución de','','4','1','As en 2% HNO3');
INSERT INTO materials(name, cas, unit_id, material_type_id, formula) VALUES('MR M Arsénico 980,9 ± 8,9 mg/L, Disolución de','','4','1','As en 2% HNO3');
INSERT INTO materials(name, cas, unit_id, material_type_id, formula) VALUES('MR M Arsenico 997 ± 12 mg/L, Disolución de','','4','1','As en 2% HNO3');
INSERT INTO materials(name, cas, unit_id, material_type_id, formula) VALUES('MR M Bario 1000 ± 3 mg/L, Disolución de','','4','1','Ba en 2% HCl');
INSERT INTO materials(name, cas, unit_id, material_type_id, formula) VALUES('MR M Bario 1000 ± 4 mg/L, Disolución de','','4','1','Ba en 2% HNO3');
INSERT INTO materials(name, cas, unit_id, material_type_id, formula) VALUES('MR M Bario 992.5 ± 1.9 mg/L, Disolución de','','4','1','Ba en 2% HNO3');
INSERT INTO materials(name, cas, unit_id, material_type_id, formula) VALUES('MR M Berilio 1000 ± 7 mg/L, Disolución de','','4','1','Be en 2% HNO3');
INSERT INTO materials(name, cas, unit_id, material_type_id, formula) VALUES('MR M Cadmio 1000 ± 3 mg/L, Disolución de','','4','1','Cd en 2% HNO3');
INSERT INTO materials(name, cas, unit_id, material_type_id, formula) VALUES('MR M Calcio 1001 mg/L, Disolución de','','4','1','Ca en 5% HNO3');
INSERT INTO materials(name, cas, unit_id, material_type_id, formula) VALUES('MR M Cobre 1007 mg/L, Disolución de','','4','1','Cu en 5% HNO3');
INSERT INTO materials(name, cas, unit_id, material_type_id, formula) VALUES('MR M Cromo 1000 ± 1.3 mg/L, Disolución de','','4','1','Cr en 2% HNO3');
INSERT INTO materials(name, cas, unit_id, material_type_id, formula) VALUES('MR M Cromo 1000 ± 3 mg/L, Disolución de','','4','1','Cr en 2% HNO3');
INSERT INTO materials(name, cas, unit_id, material_type_id, formula) VALUES('MR M Cromo 1000 ± 3 mg/L, Disolución de','','4','1','Cr en 2% HNO3');
INSERT INTO materials(name, cas, unit_id, material_type_id, formula) VALUES('MR M Cromo 3+ 1000 ± 3 mg/L, Disoluciôn de','','4','1','Cr 3+ en 2% HNO3');
INSERT INTO materials(name, cas, unit_id, material_type_id, formula) VALUES('MR M Cromo 6+ 1003,7 ± 4,9 mg/L, Disolución de','','4','1','Cr 6+ en 2% HNO3');
INSERT INTO materials(name, cas, unit_id, material_type_id, formula) VALUES('MR M Fierro 1002 mg/L, Disolución de','','4','1','Fe en 5% HNO3');
INSERT INTO materials(name, cas, unit_id, material_type_id, formula) VALUES('MR M Manganeso 1002 mg/L, Disolución de','','4','1','Mn en 5% HNO3');
INSERT INTO materials(name, cas, unit_id, material_type_id, formula) VALUES('MR M Mercurio 1000 ± 3 mg/L, Disolución de','','4','1','Hg en 2% HNO3');
INSERT INTO materials(name, cas, unit_id, material_type_id, formula) VALUES('MR M Mercurio 1000 ± 6 mg/L, Disolución de','','4','1','Hg en 2% HNO3');
INSERT INTO materials(name, cas, unit_id, material_type_id, formula) VALUES('MR M Mercurio 1000 ± 6 mg/L, Disolución de','','4','1','Hg en 2% HNO3');
INSERT INTO materials(name, cas, unit_id, material_type_id, formula) VALUES('MR M Niquel 1005 mg/L, Disolución de','','4','1','Ni en 5% HNO3');
INSERT INTO materials(name, cas, unit_id, material_type_id, formula) VALUES('MR M Níquel 991,2 ± 5,5 mg/L, Disolución de','','4','1','Ni en 2% HNO3');
INSERT INTO materials(name, cas, unit_id, material_type_id, formula) VALUES('MR M Plata 1000 ± 3 mg/L, Disolución de','','4','1','Ag en 2% HNO3');
INSERT INTO materials(name, cas, unit_id, material_type_id, formula) VALUES('MR M Plomo 1000 ± 3 mg/L, Disolución de','','4','1','Pb en 2% HNO3');
INSERT INTO materials(name, cas, unit_id, material_type_id, formula) VALUES('MR M Plomo 1002,1 ± 5,7 mg/L, Disolución de','','4','1','Pb en 2% HNO3');
INSERT INTO materials(name, cas, unit_id, material_type_id, formula) VALUES('MR M Plomo 998,1 ± 7,2 mg/L, Disolución de','','4','1','Pb en 2% HNO3');
INSERT INTO materials(name, cas, unit_id, material_type_id, formula) VALUES('MR M Plomo 998,1 ± 7,2 mg/L, Disolución de','','4','1','Pb en 2% HNO3');
INSERT INTO materials(name, cas, unit_id, material_type_id, formula) VALUES('MR M Selenio 1000 ± 3 mg/L, Disolución de','','4','1','Se en 2% HNO3');
INSERT INTO materials(name, cas, unit_id, material_type_id, formula) VALUES('MR M Talio 1000 ± 3 mg/L, Disolución de','','4','1','Tl en 2% HNO3');
INSERT INTO materials(name, cas, unit_id, material_type_id, formula) VALUES('MR M Vanadio 1000 ± 4 mg/L, Disolución de','','4','1','V en 2% HNO3');
INSERT INTO materials(name, cas, unit_id, material_type_id, formula) VALUES('MR M Zinc 1000 mg/L, Disolución de','','4','1','Zn en 5% HNO3');
INSERT INTO materials(name, cas, unit_id, material_type_id, formula) VALUES('MR pH - Paquete c/sobres Sol. pH 10','','4','1','');
INSERT INTO materials(name, cas, unit_id, material_type_id, formula) VALUES('MR pH - Paquete c/sobres Sol. pH 4','','4','1','');
INSERT INTO materials(name, cas, unit_id, material_type_id, formula) VALUES('MR pH - Paquete c/sobres Sol. pH 7','','4','1','');
INSERT INTO materials(name, cas, unit_id, material_type_id, formula) VALUES('MR pH Bicarbonato de sodio/Carbonato de sodio certificado','','2','1','NaHCO3/Na2CO3');
INSERT INTO materials(name, cas, unit_id, material_type_id, formula) VALUES('MR pH Biftalato de Potasio','877247','2','1','C8H5KO4');
INSERT INTO materials(name, cas, unit_id, material_type_id, formula) VALUES('MR pH Carbonato de calcio pH estandar','','2','1','CaCO3');
INSERT INTO materials(name, cas, unit_id, material_type_id, formula) VALUES('MR pH Corrosividad/pH en suelos','','2','1','');
INSERT INTO materials(name, cas, unit_id, material_type_id, formula) VALUES('Oxido de Zirconio IV','','2','1','ZrO2');
INSERT INTO materials(name, cas, unit_id, material_type_id, formula) VALUES('Oxido Fenirlasina, Solucion de  0.025 N','637036','4','1','Sin Formula');
INSERT INTO materials(name, cas, unit_id, material_type_id, formula) VALUES('Óxido Férrico','','2','1','Fe2O3');
INSERT INTO materials(name, cas, unit_id, material_type_id, formula) VALUES('Óxido férrico','','2','1','Fe2O3');
INSERT INTO materials(name, cas, unit_id, material_type_id, formula) VALUES('ÓxidoFérrico grado M','','2','1','Fe2O3');
INSERT INTO materials(name, cas, unit_id, material_type_id, formula) VALUES('Oxígeno','','5','1','');
INSERT INTO materials(name, cas, unit_id, material_type_id, formula) VALUES('Pads para limpieza de cabezal de impresión','','8','2','');
INSERT INTO materials(name, cas, unit_id, material_type_id, formula) VALUES('Papel de acetato','','8','1','');
INSERT INTO materials(name, cas, unit_id, material_type_id, formula) VALUES('papel filtro','','8','2','');
INSERT INTO materials(name, cas, unit_id, material_type_id, formula) VALUES('Papel parafilm','','8','2','');
INSERT INTO materials(name, cas, unit_id, material_type_id, formula) VALUES('Papel pH','','8','2','');
INSERT INTO materials(name, cas, unit_id, material_type_id, formula) VALUES('papel sanitas','','8','2','');
INSERT INTO materials(name, cas, unit_id, material_type_id, formula) VALUES('Papel yoduropotasio-almidón','','8','2','');
INSERT INTO materials(name, cas, unit_id, material_type_id, formula) VALUES('Paratungstato de Ammonio 99.99%','11120255','','1','');
INSERT INTO materials(name, cas, unit_id, material_type_id, formula) VALUES('Parrilla de calentamiento y agitación','','8','2','');
INSERT INTO materials(name, cas, unit_id, material_type_id, formula) VALUES('Parrilla de calentamiento y control de temperatura','','8','2','');
INSERT INTO materials(name, cas, unit_id, material_type_id, formula) VALUES('Pasta flux','','','2','');
INSERT INTO materials(name, cas, unit_id, material_type_id, formula) VALUES('Pentanedionato de Galio (III) 99.99% de metal base','14405437','','1','');
INSERT INTO materials(name, cas, unit_id, material_type_id, formula) VALUES('Pentanedionato de Rutenio (III) envasado en atmósfera de argón','14284936','','1','');
INSERT INTO materials(name, cas, unit_id, material_type_id, formula) VALUES('Pentóxido de Niobio','','2','1','Nb2O5');
INSERT INTO materials(name, cas, unit_id, material_type_id, formula) VALUES('Pentóxido de Niobio (V)','','2','1','Nb2O5');
INSERT INTO materials(name, cas, unit_id, material_type_id, formula) VALUES('Percloratoo de litio','7791039','2','1','');
INSERT INTO materials(name, cas, unit_id, material_type_id, formula) VALUES('Permanganato de potasio','7722647','2','1','');
INSERT INTO materials(name, cas, unit_id, material_type_id, formula) VALUES('Permanganato de Potasio, Cristal','7722647','2','1','');
INSERT INTO materials(name, cas, unit_id, material_type_id, formula) VALUES('Peróxido de benzoilo','94360','2','1','');
INSERT INTO materials(name, cas, unit_id, material_type_id, formula) VALUES('Peróxido de hidrógeno','7722841','2','1','');
INSERT INTO materials(name, cas, unit_id, material_type_id, formula) VALUES('Peróxido de Hidrógeno 35%','','4','1','H2O2');
INSERT INTO materials(name, cas, unit_id, material_type_id, formula) VALUES('Peroxido de Hidrogeno en solucion, 30%','7722841','4','1','H2O2');
INSERT INTO materials(name, cas, unit_id, material_type_id, formula) VALUES('Persulfato de amonio','7727540','2','1','');
INSERT INTO materials(name, cas, unit_id, material_type_id, formula) VALUES('Persulfato de potasio','7727211','2','1','K2S2O8');
INSERT INTO materials(name, cas, unit_id, material_type_id, formula) VALUES('Pesa','','2','2','');
INSERT INTO materials(name, cas, unit_id, material_type_id, formula) VALUES('Pesa','','1','2','');
INSERT INTO materials(name, cas, unit_id, material_type_id, formula) VALUES('PET recubierto de ITO','','','2','');
INSERT INTO materials(name, cas, unit_id, material_type_id, formula) VALUES('pH7','','4','1','');
INSERT INTO materials(name, cas, unit_id, material_type_id, formula) VALUES('Phenol powder pillows','108952','8','1','');
INSERT INTO materials(name, cas, unit_id, material_type_id, formula) VALUES('Phenolphtalein','77098','2','1','');
INSERT INTO materials(name, cas, unit_id, material_type_id, formula) VALUES('Phenolphtalein Indicator Powder','','8','1','');
INSERT INTO materials(name, cas, unit_id, material_type_id, formula) VALUES('Phos Ver 3 Phosphate Reagent','','8','1','');
INSERT INTO materials(name, cas, unit_id, material_type_id, formula) VALUES('Pintura de plata','','2','2','');
INSERT INTO materials(name, cas, unit_id, material_type_id, formula) VALUES('Pirofosfato de Sodio','7722885','2','1','');
INSERT INTO materials(name, cas, unit_id, material_type_id, formula) VALUES('Pizeta','','8','2','');
INSERT INTO materials(name, cas, unit_id, material_type_id, formula) VALUES('plata','7440224','2','1','');
INSERT INTO materials(name, cas, unit_id, material_type_id, formula) VALUES('Platinum Disc, Drilled Apertures','','8','2','');
INSERT INTO materials(name, cas, unit_id, material_type_id, formula) VALUES('Plato porcelana (desecador)','','8','2','');
INSERT INTO materials(name, cas, unit_id, material_type_id, formula) VALUES('plexcore','','4','1','');
INSERT INTO materials(name, cas, unit_id, material_type_id, formula) VALUES('Poli (ácido acrílico)','','2','1','CH2=CHCOOH');
INSERT INTO materials(name, cas, unit_id, material_type_id, formula) VALUES('Polietilenglicol','','2','1',' HO(C2 H4 O)');
INSERT INTO materials(name, cas, unit_id, material_type_id, formula) VALUES('polimero de polifluoreno','','1','1','');
INSERT INTO materials(name, cas, unit_id, material_type_id, formula) VALUES('polivinilfeniltetraoxaundecyl','221244491','2','1','');
INSERT INTO materials(name, cas, unit_id, material_type_id, formula) VALUES('Polivinilpirrolidona','9003398','2','1','');
INSERT INTO materials(name, cas, unit_id, material_type_id, formula) VALUES('Polvo de Hierro','','2','1','Fe');
INSERT INTO materials(name, cas, unit_id, material_type_id, formula) VALUES('Polvo de Selenio','','2','1','Se');
INSERT INTO materials(name, cas, unit_id, material_type_id, formula) VALUES('Polvo de Telurio','','2','1','Te');
INSERT INTO materials(name, cas, unit_id, material_type_id, formula) VALUES('Tionilo cloruro','7719097','2','1','');
INSERT INTO materials(name, cas, unit_id, material_type_id, formula) VALUES('Tiosulfato de Potasio, Puro','10294663','2','1','');
INSERT INTO materials(name, cas, unit_id, material_type_id, formula) VALUES('Tiosulfato de sodio pentahidratado','10102177','2','1','');
INSERT INTO materials(name, cas, unit_id, material_type_id, formula) VALUES('Tiosulfato de Sodio, 0.1N','7772987','4','1','');
INSERT INTO materials(name, cas, unit_id, material_type_id, formula) VALUES('tiras de ph','','8','2','');
INSERT INTO materials(name, cas, unit_id, material_type_id, formula) VALUES('TISAB II Solución de ajuste para determinar fluoruro)','7732185','4','1','');
INSERT INTO materials(name, cas, unit_id, material_type_id, formula) VALUES('Titanio','','2','1','');
INSERT INTO materials(name, cas, unit_id, material_type_id, formula) VALUES('Titanium IV oxide aeroxide','13463677','2','1','');
INSERT INTO materials(name, cas, unit_id, material_type_id, formula) VALUES('toallas de limpieza','','8','2','');
INSERT INTO materials(name, cas, unit_id, material_type_id, formula) VALUES('Tolueno','108883','4','1','');
INSERT INTO materials(name, cas, unit_id, material_type_id, formula) VALUES('tricloro (3,3,3 - trifluoropropilo) silano','592096','4','1','');
INSERT INTO materials(name, cas, unit_id, material_type_id, formula) VALUES('Tricloruro de antimonio','10025919','2','1','');
INSERT INTO materials(name, cas, unit_id, material_type_id, formula) VALUES('Trifluorometanosulfonato de litio','33454829','2','1','');
INSERT INTO materials(name, cas, unit_id, material_type_id, formula) VALUES('Trimetilamina N-oxido dihidratado','','2','1','');
INSERT INTO materials(name, cas, unit_id, material_type_id, formula) VALUES('Trióxido de Antimonio','','2','1','');
INSERT INTO materials(name, cas, unit_id, material_type_id, formula) VALUES('Trióxido de Bismuto','','2','1','');
INSERT INTO materials(name, cas, unit_id, material_type_id, formula) VALUES('Trióxido de Cromo','','2','1','');
INSERT INTO materials(name, cas, unit_id, material_type_id, formula) VALUES('tris-(8-hidroxiquinolina)-aluminio','148243','2','1','');
INSERT INTO materials(name, cas, unit_id, material_type_id, formula) VALUES('Tritón X-100','9002931','4','1','');
INSERT INTO materials(name, cas, unit_id, material_type_id, formula) VALUES('triton x-305 solucion','9002931','4','1','');
INSERT INTO materials(name, cas, unit_id, material_type_id, formula) VALUES('Tubo concentrador de punta aislada','','8','2','');
INSERT INTO materials(name, cas, unit_id, material_type_id, formula) VALUES('Tubo de dispersión DTO','','8','2','');
INSERT INTO materials(name, cas, unit_id, material_type_id, formula) VALUES('Tubo desecador','','8','2','');
INSERT INTO materials(name, cas, unit_id, material_type_id, formula) VALUES('Tubo desecador','','8','2','');
INSERT INTO materials(name, cas, unit_id, material_type_id, formula) VALUES('Tubo forma "T"','','8','2','');
INSERT INTO materials(name, cas, unit_id, material_type_id, formula) VALUES('Tubo receptor','','8','2','');
INSERT INTO materials(name, cas, unit_id, material_type_id, formula) VALUES('tubos capilares con heparina','','8','2','');
INSERT INTO materials(name, cas, unit_id, material_type_id, formula) VALUES('Tungstato de Sodio, Dihidrato','10213102','2','1','');
INSERT INTO materials(name, cas, unit_id, material_type_id, formula) VALUES('Tungsteno en polvo',' 7440337','2','1','');
INSERT INTO materials(name, cas, unit_id, material_type_id, formula) VALUES('Urea','54136','2','1','');
INSERT INTO materials(name, cas, unit_id, material_type_id, formula) VALUES('V2O3','1314347','2','1','');
INSERT INTO materials(name, cas, unit_id, material_type_id, formula) VALUES('V2O5','1314621','2','1','');
INSERT INTO materials(name, cas, unit_id, material_type_id, formula) VALUES('Varillas agitadoras','','8','2','');
INSERT INTO materials(name, cas, unit_id, material_type_id, formula) VALUES('Vaso de Precipitados ','','8','2','');
INSERT INTO materials(name, cas, unit_id, material_type_id, formula) VALUES('Vaso de Precipitados ','','8','2','');
INSERT INTO materials(name, cas, unit_id, material_type_id, formula) VALUES('Vaso de Precipitados ','','8','2','');
INSERT INTO materials(name, cas, unit_id, material_type_id, formula) VALUES('Vaso de Precipitados ','','8','2','');
INSERT INTO materials(name, cas, unit_id, material_type_id, formula) VALUES('Vaso de Precipitados ','','8','2','');
INSERT INTO materials(name, cas, unit_id, material_type_id, formula) VALUES('Vaso de Precipitados ','','8','2','');
INSERT INTO materials(name, cas, unit_id, material_type_id, formula) VALUES('Vaso precipitado graduado','','8','2','');
INSERT INTO materials(name, cas, unit_id, material_type_id, formula) VALUES('Vaso precipitado graduado','','8','2','');
INSERT INTO materials(name, cas, unit_id, material_type_id, formula) VALUES('Vaso precipitado graduado','','8','2','');
INSERT INTO materials(name, cas, unit_id, material_type_id, formula) VALUES('Vaso precipitado graduado','','8','2','');
INSERT INTO materials(name, cas, unit_id, material_type_id, formula) VALUES('Vaso precipitado graduado','','8','2','');
INSERT INTO materials(name, cas, unit_id, material_type_id, formula) VALUES('Vaso precipitado graduado','','8','2','');
INSERT INTO materials(name, cas, unit_id, material_type_id, formula) VALUES('Viales','','8','2','');
INSERT INTO materials(name, cas, unit_id, material_type_id, formula) VALUES('Vidrio de reloj','','8','2','');
INSERT INTO materials(name, cas, unit_id, material_type_id, formula) VALUES('Vidrio de reloj','','8','2','');
INSERT INTO materials(name, cas, unit_id, material_type_id, formula) VALUES('vidrio recubierto de ITO','','8','2','');
INSERT INTO materials(name, cas, unit_id, material_type_id, formula) VALUES('Vidrios de Reloj','','8','2','');
INSERT INTO materials(name, cas, unit_id, material_type_id, formula) VALUES('Vidrios de Reloj','','8','2','');
INSERT INTO materials(name, cas, unit_id, material_type_id, formula) VALUES('Vinagre Blanco','','4','1','');
INSERT INTO materials(name, cas, unit_id, material_type_id, formula) VALUES('VO2','12036214','2','1','');
INSERT INTO materials(name, cas, unit_id, material_type_id, formula) VALUES('xileno (mezcla de o, m y p-xileno)','1330207','4','1','');
INSERT INTO materials(name, cas, unit_id, material_type_id, formula) VALUES('Xileno, p-','106423','4','1','');
INSERT INTO materials(name, cas, unit_id, material_type_id, formula) VALUES('Yodato de potasio','7758056','2','1','');
INSERT INTO materials(name, cas, unit_id, material_type_id, formula) VALUES('yodo','7553562','2','1','');
INSERT INTO materials(name, cas, unit_id, material_type_id, formula) VALUES('Yoduro de mercurio','7774290','2','1','');
INSERT INTO materials(name, cas, unit_id, material_type_id, formula) VALUES('Yoduro de potasio','','2','1','');
INSERT INTO materials(name, cas, unit_id, material_type_id, formula) VALUES('Zinc','','2','1','');
